DATAFLOW,MEASURE,DATA_ITEM,EXP_IMP,TSEST,FREQ,TIME_PERIOD,OBS_VALUE,UNIT_MEASURE,UNIT_MULT,OBS_STATUS,OBS_COMMENT
ABS:BOP_GOODS(1.0.0),2,1400,EXP,10,Q,1988-Q1,8187,AUD,6,,
ABS:BOP_GOODS(1.0.0),2,1400,EXP,10,Q,1988-Q2,7795,AUD,6,,
ABS:BOP_GOODS(1.0.0),2,1400,EXP,10,Q,1988-Q3,8375,AUD,6,,
ABS:BOP_GOODS(1.0.0),2,1400,EXP,10,Q,1988-Q4,8791,AUD,6,,
ABS:BOP_GOODS(1.0.0),2,1400,EXP,10,Q,1989-Q1,7921,AUD,6,,
ABS:BOP_GOODS(1.0.0),2,1400,EXP,10,Q,1989-Q2,8640,AUD,6,,
ABS:BOP_GOODS(1.0.0),2,1400,EXP,10,Q,1989-Q3,8520,AUD,6,,
ABS:BOP_GOODS(1.0.0),2,1400,EXP,10,Q,1989-Q4,8317,AUD,6,,
ABS:BOP_GOODS(1.0.0),2,1400,EXP,10,Q,1990-Q1,8081,AUD,6,,
ABS:BOP_GOODS(1.0.0),2,1400,EXP,10,Q,1990-Q2,8631,AUD,6,,
ABS:BOP_GOODS(1.0.0),2,1400,EXP,10,Q,1990-Q3,9710,AUD,6,,
ABS:BOP_GOODS(1.0.0),2,1400,EXP,10,Q,1990-Q4,10146,AUD,6,,
ABS:BOP_GOODS(1.0.0),2,1400,EXP,10,Q,1991-Q1,8855,AUD,6,,
ABS:BOP_GOODS(1.0.0),2,1400,EXP,10,Q,1991-Q2,9914,AUD,6,,
ABS:BOP_GOODS(1.0.0),2,1400,EXP,10,Q,1991-Q3,9768,AUD,6,,
ABS:BOP_GOODS(1.0.0),2,1400,EXP,10,Q,1991-Q4,10121,AUD,6,,
ABS:BOP_GOODS(1.0.0),2,1400,EXP,10,Q,1992-Q1,9050,AUD,6,,
ABS:BOP_GOODS(1.0.0),2,1400,EXP,10,Q,1992-Q2,9832,AUD,6,,
ABS:BOP_GOODS(1.0.0),2,1400,EXP,10,Q,1992-Q3,9469,AUD,6,,
ABS:BOP_GOODS(1.0.0),2,1400,EXP,10,Q,1992-Q4,10219,AUD,6,,
ABS:BOP_GOODS(1.0.0),2,1400,EXP,10,Q,1993-Q1,8953,AUD,6,,
ABS:BOP_GOODS(1.0.0),2,1400,EXP,10,Q,1993-Q2,10354,AUD,6,,
ABS:BOP_GOODS(1.0.0),2,1400,EXP,10,Q,1993-Q3,10492,AUD,6,,
ABS:BOP_GOODS(1.0.0),2,1400,EXP,10,Q,1993-Q4,10359,AUD,6,,
ABS:BOP_GOODS(1.0.0),2,1400,EXP,10,Q,1994-Q1,9591,AUD,6,,
ABS:BOP_GOODS(1.0.0),2,1400,EXP,10,Q,1994-Q2,11465,AUD,6,,
ABS:BOP_GOODS(1.0.0),2,1400,EXP,10,Q,1994-Q3,10596,AUD,6,,
ABS:BOP_GOODS(1.0.0),2,1400,EXP,10,Q,1994-Q4,11409,AUD,6,,
ABS:BOP_GOODS(1.0.0),2,1400,EXP,10,Q,1995-Q1,10700,AUD,6,,
ABS:BOP_GOODS(1.0.0),2,1400,EXP,10,Q,1995-Q2,11531,AUD,6,,
ABS:BOP_GOODS(1.0.0),2,1400,EXP,10,Q,1995-Q3,11505,AUD,6,,
ABS:BOP_GOODS(1.0.0),2,1400,EXP,10,Q,1995-Q4,11844,AUD,6,,
ABS:BOP_GOODS(1.0.0),2,1400,EXP,10,Q,1996-Q1,11490,AUD,6,,
ABS:BOP_GOODS(1.0.0),2,1400,EXP,10,Q,1996-Q2,12142,AUD,6,,
ABS:BOP_GOODS(1.0.0),2,1400,EXP,10,Q,1996-Q3,12048,AUD,6,,
ABS:BOP_GOODS(1.0.0),2,1400,EXP,10,Q,1996-Q4,12603,AUD,6,,
ABS:BOP_GOODS(1.0.0),2,1400,EXP,10,Q,1997-Q1,12220,AUD,6,,
ABS:BOP_GOODS(1.0.0),2,1400,EXP,10,Q,1997-Q2,13694,AUD,6,,
ABS:BOP_GOODS(1.0.0),2,1400,EXP,10,Q,1997-Q3,12732,AUD,6,,
ABS:BOP_GOODS(1.0.0),2,1400,EXP,10,Q,1997-Q4,13429,AUD,6,,
ABS:BOP_GOODS(1.0.0),2,1400,EXP,10,Q,1998-Q1,12298,AUD,6,,
ABS:BOP_GOODS(1.0.0),2,1400,EXP,10,Q,1998-Q2,13284,AUD,6,,
ABS:BOP_GOODS(1.0.0),2,1400,EXP,10,Q,1998-Q3,12705,AUD,6,,
ABS:BOP_GOODS(1.0.0),2,1400,EXP,10,Q,1998-Q4,14389,AUD,6,,
ABS:BOP_GOODS(1.0.0),2,1400,EXP,10,Q,1999-Q1,12211,AUD,6,,
ABS:BOP_GOODS(1.0.0),2,1400,EXP,10,Q,1999-Q2,13140,AUD,6,,
ABS:BOP_GOODS(1.0.0),2,1400,EXP,10,Q,1999-Q3,13210,AUD,6,,
ABS:BOP_GOODS(1.0.0),2,1400,EXP,10,Q,1999-Q4,13892,AUD,6,,
ABS:BOP_GOODS(1.0.0),2,1400,EXP,10,Q,2000-Q1,12552,AUD,6,,
ABS:BOP_GOODS(1.0.0),2,1400,EXP,10,Q,2000-Q2,14656,AUD,6,,
ABS:BOP_GOODS(1.0.0),2,1400,EXP,10,Q,2000-Q3,14797,AUD,6,,
ABS:BOP_GOODS(1.0.0),2,1400,EXP,10,Q,2000-Q4,15112,AUD,6,,
ABS:BOP_GOODS(1.0.0),2,1400,EXP,10,Q,2001-Q1,14000,AUD,6,,
ABS:BOP_GOODS(1.0.0),2,1400,EXP,10,Q,2001-Q2,15167,AUD,6,,
ABS:BOP_GOODS(1.0.0),2,1400,EXP,10,Q,2001-Q3,15407,AUD,6,,
ABS:BOP_GOODS(1.0.0),2,1400,EXP,10,Q,2001-Q4,15419,AUD,6,,
ABS:BOP_GOODS(1.0.0),2,1400,EXP,10,Q,2002-Q1,13557,AUD,6,,
ABS:BOP_GOODS(1.0.0),2,1400,EXP,10,Q,2002-Q2,15693,AUD,6,,
ABS:BOP_GOODS(1.0.0),2,1400,EXP,10,Q,2002-Q3,15585,AUD,6,,
ABS:BOP_GOODS(1.0.0),2,1400,EXP,10,Q,2002-Q4,16016,AUD,6,,
ABS:BOP_GOODS(1.0.0),2,1400,EXP,10,Q,2003-Q1,15792,AUD,6,,
ABS:BOP_GOODS(1.0.0),2,1400,EXP,10,Q,2003-Q2,16600,AUD,6,,
ABS:BOP_GOODS(1.0.0),2,1400,EXP,10,Q,2003-Q3,15935,AUD,6,,
ABS:BOP_GOODS(1.0.0),2,1400,EXP,10,Q,2003-Q4,17724,AUD,6,,
ABS:BOP_GOODS(1.0.0),2,1400,EXP,10,Q,2004-Q1,15553,AUD,6,,
ABS:BOP_GOODS(1.0.0),2,1400,EXP,10,Q,2004-Q2,16806,AUD,6,,
ABS:BOP_GOODS(1.0.0),2,1400,EXP,10,Q,2004-Q3,17087,AUD,6,,
ABS:BOP_GOODS(1.0.0),2,1400,EXP,10,Q,2004-Q4,18649,AUD,6,,
ABS:BOP_GOODS(1.0.0),2,1400,EXP,10,Q,2005-Q1,17536,AUD,6,,
ABS:BOP_GOODS(1.0.0),2,1400,EXP,10,Q,2005-Q2,19110,AUD,6,,
ABS:BOP_GOODS(1.0.0),2,1400,EXP,10,Q,2005-Q3,17781,AUD,6,,
ABS:BOP_GOODS(1.0.0),2,1400,EXP,10,Q,2005-Q4,21785,AUD,6,,
ABS:BOP_GOODS(1.0.0),2,1400,EXP,10,Q,2006-Q1,17255,AUD,6,,
ABS:BOP_GOODS(1.0.0),2,1400,EXP,10,Q,2006-Q2,19802,AUD,6,,
ABS:BOP_GOODS(1.0.0),2,1400,EXP,10,Q,2006-Q3,18058,AUD,6,,
ABS:BOP_GOODS(1.0.0),2,1400,EXP,10,Q,2006-Q4,19813,AUD,6,,
ABS:BOP_GOODS(1.0.0),2,1400,EXP,10,Q,2007-Q1,17163,AUD,6,,
ABS:BOP_GOODS(1.0.0),2,1400,EXP,10,Q,2007-Q2,18536,AUD,6,,
ABS:BOP_GOODS(1.0.0),2,1400,EXP,10,Q,2007-Q3,19202,AUD,6,,
ABS:BOP_GOODS(1.0.0),2,1400,EXP,10,Q,2007-Q4,20332,AUD,6,,
ABS:BOP_GOODS(1.0.0),2,1400,EXP,10,Q,2008-Q1,19930,AUD,6,,
ABS:BOP_GOODS(1.0.0),2,1400,EXP,10,Q,2008-Q2,20799,AUD,6,,
ABS:BOP_GOODS(1.0.0),2,1400,EXP,10,Q,2008-Q3,20838,AUD,6,,
ABS:BOP_GOODS(1.0.0),2,1400,EXP,10,Q,2008-Q4,18981,AUD,6,,
ABS:BOP_GOODS(1.0.0),2,1400,EXP,10,Q,2009-Q1,18357,AUD,6,,
ABS:BOP_GOODS(1.0.0),2,1400,EXP,10,Q,2009-Q2,21445,AUD,6,,
ABS:BOP_GOODS(1.0.0),2,1400,EXP,10,Q,2009-Q3,22554,AUD,6,,
ABS:BOP_GOODS(1.0.0),2,1400,EXP,10,Q,2009-Q4,23542,AUD,6,,
ABS:BOP_GOODS(1.0.0),2,1400,EXP,10,Q,2010-Q1,22289,AUD,6,,
ABS:BOP_GOODS(1.0.0),2,1400,EXP,10,Q,2010-Q2,23675,AUD,6,,
ABS:BOP_GOODS(1.0.0),2,1400,EXP,10,Q,2010-Q3,22800,AUD,6,,
ABS:BOP_GOODS(1.0.0),2,1400,EXP,10,Q,2010-Q4,25372,AUD,6,,
ABS:BOP_GOODS(1.0.0),2,1400,EXP,10,Q,2011-Q1,21809,AUD,6,,
ABS:BOP_GOODS(1.0.0),2,1400,EXP,10,Q,2011-Q2,24492,AUD,6,,
ABS:BOP_GOODS(1.0.0),2,1400,EXP,10,Q,2011-Q3,26295,AUD,6,,
ABS:BOP_GOODS(1.0.0),2,1400,EXP,10,Q,2011-Q4,27991,AUD,6,,
ABS:BOP_GOODS(1.0.0),2,1400,EXP,10,Q,2012-Q1,24668,AUD,6,,
ABS:BOP_GOODS(1.0.0),2,1400,EXP,10,Q,2012-Q2,28069,AUD,6,,
ABS:BOP_GOODS(1.0.0),2,1400,EXP,10,Q,2012-Q3,28483,AUD,6,,
ABS:BOP_GOODS(1.0.0),2,1400,EXP,10,Q,2012-Q4,30595,AUD,6,,
ABS:BOP_GOODS(1.0.0),2,1400,EXP,10,Q,2013-Q1,27497,AUD,6,,
ABS:BOP_GOODS(1.0.0),2,1400,EXP,10,Q,2013-Q2,31405,AUD,6,,
ABS:BOP_GOODS(1.0.0),2,1400,EXP,10,Q,2013-Q3,32250,AUD,6,,
ABS:BOP_GOODS(1.0.0),2,1400,EXP,10,Q,2013-Q4,33620,AUD,6,,
ABS:BOP_GOODS(1.0.0),2,1400,EXP,10,Q,2014-Q1,31835,AUD,6,,
ABS:BOP_GOODS(1.0.0),2,1400,EXP,10,Q,2014-Q2,36212,AUD,6,,
ABS:BOP_GOODS(1.0.0),2,1400,EXP,10,Q,2014-Q3,38111,AUD,6,,
ABS:BOP_GOODS(1.0.0),2,1400,EXP,10,Q,2014-Q4,39882,AUD,6,,
ABS:BOP_GOODS(1.0.0),2,1400,EXP,10,Q,2015-Q1,37189,AUD,6,,
ABS:BOP_GOODS(1.0.0),2,1400,EXP,10,Q,2015-Q2,39845,AUD,6,,
ABS:BOP_GOODS(1.0.0),2,1400,EXP,10,Q,2015-Q3,41918,AUD,6,,
ABS:BOP_GOODS(1.0.0),2,1400,EXP,10,Q,2015-Q4,42094,AUD,6,,
ABS:BOP_GOODS(1.0.0),2,1400,EXP,10,Q,2016-Q1,39608,AUD,6,,
ABS:BOP_GOODS(1.0.0),2,1400,EXP,10,Q,2016-Q2,42326,AUD,6,,
ABS:BOP_GOODS(1.0.0),2,1400,EXP,10,Q,2016-Q3,41573,AUD,6,,
ABS:BOP_GOODS(1.0.0),2,1400,EXP,10,Q,2016-Q4,45285,AUD,6,,
ABS:BOP_GOODS(1.0.0),2,1400,EXP,10,Q,2017-Q1,38973,AUD,6,,
ABS:BOP_GOODS(1.0.0),2,1400,EXP,10,Q,2017-Q2,42147,AUD,6,,
ABS:BOP_GOODS(1.0.0),2,1400,EXP,10,Q,2017-Q3,44586,AUD,6,,
ABS:BOP_GOODS(1.0.0),2,1400,EXP,10,Q,2017-Q4,45906,AUD,6,,
ABS:BOP_GOODS(1.0.0),2,1400,EXP,10,Q,2018-Q1,42773,AUD,6,,
ABS:BOP_GOODS(1.0.0),2,1400,EXP,10,Q,2018-Q2,47538,AUD,6,,
ABS:BOP_GOODS(1.0.0),2,1400,EXP,10,Q,2018-Q3,45064,AUD,6,,
ABS:BOP_GOODS(1.0.0),2,1400,EXP,10,Q,2018-Q4,46029,AUD,6,,
ABS:BOP_GOODS(1.0.0),2,1400,EXP,10,Q,2019-Q1,40759,AUD,6,,
ABS:BOP_GOODS(1.0.0),2,1400,EXP,10,Q,2019-Q2,44725,AUD,6,,
ABS:BOP_GOODS(1.0.0),2,1400,EXP,10,Q,2019-Q3,44095,AUD,6,,
ABS:BOP_GOODS(1.0.0),2,1400,EXP,10,Q,2019-Q4,44875,AUD,6,,
ABS:BOP_GOODS(1.0.0),2,1400,EXP,10,Q,2020-Q1,40600,AUD,6,,
ABS:BOP_GOODS(1.0.0),2,1400,EXP,10,Q,2020-Q2,47669,AUD,6,,
ABS:BOP_GOODS(1.0.0),2,1400,EXP,10,Q,2020-Q3,43931,AUD,6,,
ABS:BOP_GOODS(1.0.0),2,1400,EXP,10,Q,2020-Q4,45863,AUD,6,,
ABS:BOP_GOODS(1.0.0),2,1400,EXP,10,Q,2021-Q1,40990,AUD,6,,
ABS:BOP_GOODS(1.0.0),2,1400,EXP,10,Q,2021-Q2,43855,AUD,6,,
ABS:BOP_GOODS(1.0.0),2,1400,EXP,10,Q,2021-Q3,43115,AUD,6,,
ABS:BOP_GOODS(1.0.0),2,1400,EXP,10,Q,2021-Q4,45324,AUD,6,,
ABS:BOP_GOODS(1.0.0),2,1400,EXP,10,Q,2022-Q1,40224,AUD,6,,
ABS:BOP_GOODS(1.0.0),2,1400,EXP,10,Q,2022-Q2,43991,AUD,6,,
ABS:BOP_GOODS(1.0.0),2,1400,EXP,10,Q,2022-Q3,44830,AUD,6,,
ABS:BOP_GOODS(1.0.0),2,1400,EXP,10,Q,2022-Q4,47772,AUD,6,,
ABS:BOP_GOODS(1.0.0),2,1400,EXP,10,Q,2023-Q1,43149,AUD,6,,
ABS:BOP_GOODS(1.0.0),2,1400,EXP,10,Q,2023-Q2,46667,AUD,6,,
ABS:BOP_GOODS(1.0.0),2,1400,EXP,10,Q,2023-Q3,44787,AUD,6,,
ABS:BOP_GOODS(1.0.0),2,1400,EXP,10,Q,2023-Q4,46612,AUD,6,,
ABS:BOP_GOODS(1.0.0),2,1400,EXP,10,Q,2024-Q1,41482,AUD,6,,
ABS:BOP_GOODS(1.0.0),2,1400,EXP,10,Q,2024-Q2,46985,AUD,6,,
ABS:BOP_GOODS(1.0.0),2,1400,EXP,10,Q,2024-Q3,45548,AUD,6,,
ABS:BOP_GOODS(1.0.0),2,1400,EXP,10,Q,2024-Q4,46108,AUD,6,,
ABS:BOP_GOODS(1.0.0),2,1400,EXP,10,Q,2025-Q1,41993,AUD,6,,
ABS:BOP_GOODS(1.0.0),2,1400,EXP,10,Q,2025-Q2,47988,AUD,6,,
ABS:BOP_GOODS(1.0.0),2,1400,EXP,10,Q,2025-Q3,46970,AUD,6,,
ABS:BOP_GOODS(1.0.0),2,1400,EXP,10,Q,2025-Q4,51017,AUD,6,,
ABS:BOP_GOODS(1.0.0),2,1450,EXP,10,Q,1988-Q1,6312,AUD,6,,
ABS:BOP_GOODS(1.0.0),2,1450,EXP,10,Q,1988-Q2,5719,AUD,6,,
ABS:BOP_GOODS(1.0.0),2,1450,EXP,10,Q,1988-Q3,6224,AUD,6,,
ABS:BOP_GOODS(1.0.0),2,1450,EXP,10,Q,1988-Q4,6284,AUD,6,,
ABS:BOP_GOODS(1.0.0),2,1450,EXP,10,Q,1989-Q1,5896,AUD,6,,
ABS:BOP_GOODS(1.0.0),2,1450,EXP,10,Q,1989-Q2,6182,AUD,6,,
ABS:BOP_GOODS(1.0.0),2,1450,EXP,10,Q,1989-Q3,6397,AUD,6,,
ABS:BOP_GOODS(1.0.0),2,1450,EXP,10,Q,1989-Q4,6455,AUD,6,,
ABS:BOP_GOODS(1.0.0),2,1450,EXP,10,Q,1990-Q1,6445,AUD,6,,
ABS:BOP_GOODS(1.0.0),2,1450,EXP,10,Q,1990-Q2,6765,AUD,6,,
ABS:BOP_GOODS(1.0.0),2,1450,EXP,10,Q,1990-Q3,6608,AUD,6,,
ABS:BOP_GOODS(1.0.0),2,1450,EXP,10,Q,1990-Q4,6441,AUD,6,,
ABS:BOP_GOODS(1.0.0),2,1450,EXP,10,Q,1991-Q1,7390,AUD,6,,
ABS:BOP_GOODS(1.0.0),2,1450,EXP,10,Q,1991-Q2,7708,AUD,6,,
ABS:BOP_GOODS(1.0.0),2,1450,EXP,10,Q,1991-Q3,7594,AUD,6,,
ABS:BOP_GOODS(1.0.0),2,1450,EXP,10,Q,1991-Q4,7259,AUD,6,,
ABS:BOP_GOODS(1.0.0),2,1450,EXP,10,Q,1992-Q1,7608,AUD,6,,
ABS:BOP_GOODS(1.0.0),2,1450,EXP,10,Q,1992-Q2,7976,AUD,6,,
ABS:BOP_GOODS(1.0.0),2,1450,EXP,10,Q,1992-Q3,7824,AUD,6,,
ABS:BOP_GOODS(1.0.0),2,1450,EXP,10,Q,1992-Q4,7794,AUD,6,,
ABS:BOP_GOODS(1.0.0),2,1450,EXP,10,Q,1993-Q1,7897,AUD,6,,
ABS:BOP_GOODS(1.0.0),2,1450,EXP,10,Q,1993-Q2,8252,AUD,6,,
ABS:BOP_GOODS(1.0.0),2,1450,EXP,10,Q,1993-Q3,7919,AUD,6,,
ABS:BOP_GOODS(1.0.0),2,1450,EXP,10,Q,1993-Q4,8634,AUD,6,,
ABS:BOP_GOODS(1.0.0),2,1450,EXP,10,Q,1994-Q1,7522,AUD,6,,
ABS:BOP_GOODS(1.0.0),2,1450,EXP,10,Q,1994-Q2,7621,AUD,6,,
ABS:BOP_GOODS(1.0.0),2,1450,EXP,10,Q,1994-Q3,8337,AUD,6,,
ABS:BOP_GOODS(1.0.0),2,1450,EXP,10,Q,1994-Q4,8416,AUD,6,,
ABS:BOP_GOODS(1.0.0),2,1450,EXP,10,Q,1995-Q1,8208,AUD,6,,
ABS:BOP_GOODS(1.0.0),2,1450,EXP,10,Q,1995-Q2,8202,AUD,6,,
ABS:BOP_GOODS(1.0.0),2,1450,EXP,10,Q,1995-Q3,8432,AUD,6,,
ABS:BOP_GOODS(1.0.0),2,1450,EXP,10,Q,1995-Q4,8324,AUD,6,,
ABS:BOP_GOODS(1.0.0),2,1450,EXP,10,Q,1996-Q1,8321,AUD,6,,
ABS:BOP_GOODS(1.0.0),2,1450,EXP,10,Q,1996-Q2,8763,AUD,6,,
ABS:BOP_GOODS(1.0.0),2,1450,EXP,10,Q,1996-Q3,8287,AUD,6,,
ABS:BOP_GOODS(1.0.0),2,1450,EXP,10,Q,1996-Q4,8895,AUD,6,,
ABS:BOP_GOODS(1.0.0),2,1450,EXP,10,Q,1997-Q1,8971,AUD,6,,
ABS:BOP_GOODS(1.0.0),2,1450,EXP,10,Q,1997-Q2,9257,AUD,6,,
ABS:BOP_GOODS(1.0.0),2,1450,EXP,10,Q,1997-Q3,10042,AUD,6,,
ABS:BOP_GOODS(1.0.0),2,1450,EXP,10,Q,1997-Q4,9880,AUD,6,,
ABS:BOP_GOODS(1.0.0),2,1450,EXP,10,Q,1998-Q1,9422,AUD,6,,
ABS:BOP_GOODS(1.0.0),2,1450,EXP,10,Q,1998-Q2,10012,AUD,6,,
ABS:BOP_GOODS(1.0.0),2,1450,EXP,10,Q,1998-Q3,10260,AUD,6,,
ABS:BOP_GOODS(1.0.0),2,1450,EXP,10,Q,1998-Q4,10310,AUD,6,,
ABS:BOP_GOODS(1.0.0),2,1450,EXP,10,Q,1999-Q1,9959,AUD,6,,
ABS:BOP_GOODS(1.0.0),2,1450,EXP,10,Q,1999-Q2,10146,AUD,6,,
ABS:BOP_GOODS(1.0.0),2,1450,EXP,10,Q,1999-Q3,10825,AUD,6,,
ABS:BOP_GOODS(1.0.0),2,1450,EXP,10,Q,1999-Q4,10521,AUD,6,,
ABS:BOP_GOODS(1.0.0),2,1450,EXP,10,Q,2000-Q1,10326,AUD,6,,
ABS:BOP_GOODS(1.0.0),2,1450,EXP,10,Q,2000-Q2,11144,AUD,6,,
ABS:BOP_GOODS(1.0.0),2,1450,EXP,10,Q,2000-Q3,12011,AUD,6,,
ABS:BOP_GOODS(1.0.0),2,1450,EXP,10,Q,2000-Q4,11426,AUD,6,,
ABS:BOP_GOODS(1.0.0),2,1450,EXP,10,Q,2001-Q1,11195,AUD,6,,
ABS:BOP_GOODS(1.0.0),2,1450,EXP,10,Q,2001-Q2,12056,AUD,6,,
ABS:BOP_GOODS(1.0.0),2,1450,EXP,10,Q,2001-Q3,12164,AUD,6,,
ABS:BOP_GOODS(1.0.0),2,1450,EXP,10,Q,2001-Q4,11383,AUD,6,,
ABS:BOP_GOODS(1.0.0),2,1450,EXP,10,Q,2002-Q1,12331,AUD,6,,
ABS:BOP_GOODS(1.0.0),2,1450,EXP,10,Q,2002-Q2,11927,AUD,6,,
ABS:BOP_GOODS(1.0.0),2,1450,EXP,10,Q,2002-Q3,12020,AUD,6,,
ABS:BOP_GOODS(1.0.0),2,1450,EXP,10,Q,2002-Q4,12460,AUD,6,,
ABS:BOP_GOODS(1.0.0),2,1450,EXP,10,Q,2003-Q1,12875,AUD,6,,
ABS:BOP_GOODS(1.0.0),2,1450,EXP,10,Q,2003-Q2,12670,AUD,6,,
ABS:BOP_GOODS(1.0.0),2,1450,EXP,10,Q,2003-Q3,12673,AUD,6,,
ABS:BOP_GOODS(1.0.0),2,1450,EXP,10,Q,2003-Q4,13328,AUD,6,,
ABS:BOP_GOODS(1.0.0),2,1450,EXP,10,Q,2004-Q1,12685,AUD,6,,
ABS:BOP_GOODS(1.0.0),2,1450,EXP,10,Q,2004-Q2,13612,AUD,6,,
ABS:BOP_GOODS(1.0.0),2,1450,EXP,10,Q,2004-Q3,13531,AUD,6,,
ABS:BOP_GOODS(1.0.0),2,1450,EXP,10,Q,2004-Q4,13936,AUD,6,,
ABS:BOP_GOODS(1.0.0),2,1450,EXP,10,Q,2005-Q1,13919,AUD,6,,
ABS:BOP_GOODS(1.0.0),2,1450,EXP,10,Q,2005-Q2,14584,AUD,6,,
ABS:BOP_GOODS(1.0.0),2,1450,EXP,10,Q,2005-Q3,13896,AUD,6,,
ABS:BOP_GOODS(1.0.0),2,1450,EXP,10,Q,2005-Q4,13583,AUD,6,,
ABS:BOP_GOODS(1.0.0),2,1450,EXP,10,Q,2006-Q1,13396,AUD,6,,
ABS:BOP_GOODS(1.0.0),2,1450,EXP,10,Q,2006-Q2,14226,AUD,6,,
ABS:BOP_GOODS(1.0.0),2,1450,EXP,10,Q,2006-Q3,14793,AUD,6,,
ABS:BOP_GOODS(1.0.0),2,1450,EXP,10,Q,2006-Q4,14521,AUD,6,,
ABS:BOP_GOODS(1.0.0),2,1450,EXP,10,Q,2007-Q1,14848,AUD,6,,
ABS:BOP_GOODS(1.0.0),2,1450,EXP,10,Q,2007-Q2,15188,AUD,6,,
ABS:BOP_GOODS(1.0.0),2,1450,EXP,10,Q,2007-Q3,15488,AUD,6,,
ABS:BOP_GOODS(1.0.0),2,1450,EXP,10,Q,2007-Q4,15886,AUD,6,,
ABS:BOP_GOODS(1.0.0),2,1450,EXP,10,Q,2008-Q1,14232,AUD,6,,
ABS:BOP_GOODS(1.0.0),2,1450,EXP,10,Q,2008-Q2,17429,AUD,6,,
ABS:BOP_GOODS(1.0.0),2,1450,EXP,10,Q,2008-Q3,17685,AUD,6,,
ABS:BOP_GOODS(1.0.0),2,1450,EXP,10,Q,2008-Q4,16797,AUD,6,,
ABS:BOP_GOODS(1.0.0),2,1450,EXP,10,Q,2009-Q1,14063,AUD,6,,
ABS:BOP_GOODS(1.0.0),2,1450,EXP,10,Q,2009-Q2,17396,AUD,6,,
ABS:BOP_GOODS(1.0.0),2,1450,EXP,10,Q,2009-Q3,19425,AUD,6,,
ABS:BOP_GOODS(1.0.0),2,1450,EXP,10,Q,2009-Q4,19827,AUD,6,,
ABS:BOP_GOODS(1.0.0),2,1450,EXP,10,Q,2010-Q1,17576,AUD,6,,
ABS:BOP_GOODS(1.0.0),2,1450,EXP,10,Q,2010-Q2,21550,AUD,6,,
ABS:BOP_GOODS(1.0.0),2,1450,EXP,10,Q,2010-Q3,20954,AUD,6,,
ABS:BOP_GOODS(1.0.0),2,1450,EXP,10,Q,2010-Q4,20655,AUD,6,,
ABS:BOP_GOODS(1.0.0),2,1450,EXP,10,Q,2011-Q1,14885,AUD,6,,
ABS:BOP_GOODS(1.0.0),2,1450,EXP,10,Q,2011-Q2,18010,AUD,6,,
ABS:BOP_GOODS(1.0.0),2,1450,EXP,10,Q,2011-Q3,19508,AUD,6,,
ABS:BOP_GOODS(1.0.0),2,1450,EXP,10,Q,2011-Q4,20253,AUD,6,,
ABS:BOP_GOODS(1.0.0),2,1450,EXP,10,Q,2012-Q1,18522,AUD,6,,
ABS:BOP_GOODS(1.0.0),2,1450,EXP,10,Q,2012-Q2,19696,AUD,6,,
ABS:BOP_GOODS(1.0.0),2,1450,EXP,10,Q,2012-Q3,19845,AUD,6,,
ABS:BOP_GOODS(1.0.0),2,1450,EXP,10,Q,2012-Q4,21136,AUD,6,,
ABS:BOP_GOODS(1.0.0),2,1450,EXP,10,Q,2013-Q1,20300,AUD,6,,
ABS:BOP_GOODS(1.0.0),2,1450,EXP,10,Q,2013-Q2,23827,AUD,6,,
ABS:BOP_GOODS(1.0.0),2,1450,EXP,10,Q,2013-Q3,23535,AUD,6,,
ABS:BOP_GOODS(1.0.0),2,1450,EXP,10,Q,2013-Q4,26077,AUD,6,,
ABS:BOP_GOODS(1.0.0),2,1450,EXP,10,Q,2014-Q1,23731,AUD,6,,
ABS:BOP_GOODS(1.0.0),2,1450,EXP,10,Q,2014-Q2,25020,AUD,6,,
ABS:BOP_GOODS(1.0.0),2,1450,EXP,10,Q,2014-Q3,26236,AUD,6,,
ABS:BOP_GOODS(1.0.0),2,1450,EXP,10,Q,2014-Q4,27592,AUD,6,,
ABS:BOP_GOODS(1.0.0),2,1450,EXP,10,Q,2015-Q1,26007,AUD,6,,
ABS:BOP_GOODS(1.0.0),2,1450,EXP,10,Q,2015-Q2,24858,AUD,6,,
ABS:BOP_GOODS(1.0.0),2,1450,EXP,10,Q,2015-Q3,26189,AUD,6,,
ABS:BOP_GOODS(1.0.0),2,1450,EXP,10,Q,2015-Q4,25746,AUD,6,,
ABS:BOP_GOODS(1.0.0),2,1450,EXP,10,Q,2016-Q1,25311,AUD,6,,
ABS:BOP_GOODS(1.0.0),2,1450,EXP,10,Q,2016-Q2,27795,AUD,6,,
ABS:BOP_GOODS(1.0.0),2,1450,EXP,10,Q,2016-Q3,28157,AUD,6,,
ABS:BOP_GOODS(1.0.0),2,1450,EXP,10,Q,2016-Q4,28522,AUD,6,,
ABS:BOP_GOODS(1.0.0),2,1450,EXP,10,Q,2017-Q1,23835,AUD,6,,
ABS:BOP_GOODS(1.0.0),2,1450,EXP,10,Q,2017-Q2,23377,AUD,6,,
ABS:BOP_GOODS(1.0.0),2,1450,EXP,10,Q,2017-Q3,26810,AUD,6,,
ABS:BOP_GOODS(1.0.0),2,1450,EXP,10,Q,2017-Q4,25310,AUD,6,,
ABS:BOP_GOODS(1.0.0),2,1450,EXP,10,Q,2018-Q1,25158,AUD,6,,
ABS:BOP_GOODS(1.0.0),2,1450,EXP,10,Q,2018-Q2,26066,AUD,6,,
ABS:BOP_GOODS(1.0.0),2,1450,EXP,10,Q,2018-Q3,26545,AUD,6,,
ABS:BOP_GOODS(1.0.0),2,1450,EXP,10,Q,2018-Q4,27205,AUD,6,,
ABS:BOP_GOODS(1.0.0),2,1450,EXP,10,Q,2019-Q1,25008,AUD,6,,
ABS:BOP_GOODS(1.0.0),2,1450,EXP,10,Q,2019-Q2,27852,AUD,6,,
ABS:BOP_GOODS(1.0.0),2,1450,EXP,10,Q,2019-Q3,26590,AUD,6,,
ABS:BOP_GOODS(1.0.0),2,1450,EXP,10,Q,2019-Q4,27296,AUD,6,,
ABS:BOP_GOODS(1.0.0),2,1450,EXP,10,Q,2020-Q1,25864,AUD,6,,
ABS:BOP_GOODS(1.0.0),2,1450,EXP,10,Q,2020-Q2,24865,AUD,6,,
ABS:BOP_GOODS(1.0.0),2,1450,EXP,10,Q,2020-Q3,24091,AUD,6,,
ABS:BOP_GOODS(1.0.0),2,1450,EXP,10,Q,2020-Q4,24414,AUD,6,,
ABS:BOP_GOODS(1.0.0),2,1450,EXP,10,Q,2021-Q1,23902,AUD,6,,
ABS:BOP_GOODS(1.0.0),2,1450,EXP,10,Q,2021-Q2,24142,AUD,6,,
ABS:BOP_GOODS(1.0.0),2,1450,EXP,10,Q,2021-Q3,25432,AUD,6,,
ABS:BOP_GOODS(1.0.0),2,1450,EXP,10,Q,2021-Q4,24457,AUD,6,,
ABS:BOP_GOODS(1.0.0),2,1450,EXP,10,Q,2022-Q1,22923,AUD,6,,
ABS:BOP_GOODS(1.0.0),2,1450,EXP,10,Q,2022-Q2,24600,AUD,6,,
ABS:BOP_GOODS(1.0.0),2,1450,EXP,10,Q,2022-Q3,22347,AUD,6,,
ABS:BOP_GOODS(1.0.0),2,1450,EXP,10,Q,2022-Q4,24590,AUD,6,,
ABS:BOP_GOODS(1.0.0),2,1450,EXP,10,Q,2023-Q1,21057,AUD,6,,
ABS:BOP_GOODS(1.0.0),2,1450,EXP,10,Q,2023-Q2,24623,AUD,6,,
ABS:BOP_GOODS(1.0.0),2,1450,EXP,10,Q,2023-Q3,23151,AUD,6,,
ABS:BOP_GOODS(1.0.0),2,1450,EXP,10,Q,2023-Q4,24156,AUD,6,,
ABS:BOP_GOODS(1.0.0),2,1450,EXP,10,Q,2024-Q1,21678,AUD,6,,
ABS:BOP_GOODS(1.0.0),2,1450,EXP,10,Q,2024-Q2,22932,AUD,6,,
ABS:BOP_GOODS(1.0.0),2,1450,EXP,10,Q,2024-Q3,23876,AUD,6,,
ABS:BOP_GOODS(1.0.0),2,1450,EXP,10,Q,2024-Q4,24866,AUD,6,,
ABS:BOP_GOODS(1.0.0),2,1450,EXP,10,Q,2025-Q1,20580,AUD,6,,
ABS:BOP_GOODS(1.0.0),2,1450,EXP,10,Q,2025-Q2,21991,AUD,6,,
ABS:BOP_GOODS(1.0.0),2,1450,EXP,10,Q,2025-Q3,23799,AUD,6,,
ABS:BOP_GOODS(1.0.0),2,1450,EXP,10,Q,2025-Q4,24854,AUD,6,,
ABS:BOP_GOODS(1.0.0),2,1000,EXP,10,Q,1988-Q1,30416,AUD,6,,
ABS:BOP_GOODS(1.0.0),2,1000,EXP,10,Q,1988-Q2,28092,AUD,6,,
ABS:BOP_GOODS(1.0.0),2,1000,EXP,10,Q,1988-Q3,28258,AUD,6,,
ABS:BOP_GOODS(1.0.0),2,1000,EXP,10,Q,1988-Q4,30937,AUD,6,,
ABS:BOP_GOODS(1.0.0),2,1000,EXP,10,Q,1989-Q1,28410,AUD,6,,
ABS:BOP_GOODS(1.0.0),2,1000,EXP,10,Q,1989-Q2,31073,AUD,6,,
ABS:BOP_GOODS(1.0.0),2,1000,EXP,10,Q,1989-Q3,30718,AUD,6,,
ABS:BOP_GOODS(1.0.0),2,1000,EXP,10,Q,1989-Q4,31590,AUD,6,,
ABS:BOP_GOODS(1.0.0),2,1000,EXP,10,Q,1990-Q1,31054,AUD,6,,
ABS:BOP_GOODS(1.0.0),2,1000,EXP,10,Q,1990-Q2,31910,AUD,6,,
ABS:BOP_GOODS(1.0.0),2,1000,EXP,10,Q,1990-Q3,33136,AUD,6,,
ABS:BOP_GOODS(1.0.0),2,1000,EXP,10,Q,1990-Q4,34879,AUD,6,,
ABS:BOP_GOODS(1.0.0),2,1000,EXP,10,Q,1991-Q1,34286,AUD,6,,
ABS:BOP_GOODS(1.0.0),2,1000,EXP,10,Q,1991-Q2,37933,AUD,6,,
ABS:BOP_GOODS(1.0.0),2,1000,EXP,10,Q,1991-Q3,38670,AUD,6,,
ABS:BOP_GOODS(1.0.0),2,1000,EXP,10,Q,1991-Q4,39931,AUD,6,,
ABS:BOP_GOODS(1.0.0),2,1000,EXP,10,Q,1992-Q1,36300,AUD,6,,
ABS:BOP_GOODS(1.0.0),2,1000,EXP,10,Q,1992-Q2,39689,AUD,6,,
ABS:BOP_GOODS(1.0.0),2,1000,EXP,10,Q,1992-Q3,40079,AUD,6,,
ABS:BOP_GOODS(1.0.0),2,1000,EXP,10,Q,1992-Q4,42853,AUD,6,,
ABS:BOP_GOODS(1.0.0),2,1000,EXP,10,Q,1993-Q1,38668,AUD,6,,
ABS:BOP_GOODS(1.0.0),2,1000,EXP,10,Q,1993-Q2,41908,AUD,6,,
ABS:BOP_GOODS(1.0.0),2,1000,EXP,10,Q,1993-Q3,42894,AUD,6,,
ABS:BOP_GOODS(1.0.0),2,1000,EXP,10,Q,1993-Q4,45323,AUD,6,,
ABS:BOP_GOODS(1.0.0),2,1000,EXP,10,Q,1994-Q1,43133,AUD,6,,
ABS:BOP_GOODS(1.0.0),2,1000,EXP,10,Q,1994-Q2,46278,AUD,6,,
ABS:BOP_GOODS(1.0.0),2,1000,EXP,10,Q,1994-Q3,45437,AUD,6,,
ABS:BOP_GOODS(1.0.0),2,1000,EXP,10,Q,1994-Q4,47431,AUD,6,,
ABS:BOP_GOODS(1.0.0),2,1000,EXP,10,Q,1995-Q1,43506,AUD,6,,
ABS:BOP_GOODS(1.0.0),2,1000,EXP,10,Q,1995-Q2,45493,AUD,6,,
ABS:BOP_GOODS(1.0.0),2,1000,EXP,10,Q,1995-Q3,48802,AUD,6,,
ABS:BOP_GOODS(1.0.0),2,1000,EXP,10,Q,1995-Q4,50498,AUD,6,,
ABS:BOP_GOODS(1.0.0),2,1000,EXP,10,Q,1996-Q1,49047,AUD,6,,
ABS:BOP_GOODS(1.0.0),2,1000,EXP,10,Q,1996-Q2,52771,AUD,6,,
ABS:BOP_GOODS(1.0.0),2,1000,EXP,10,Q,1996-Q3,52328,AUD,6,,
ABS:BOP_GOODS(1.0.0),2,1000,EXP,10,Q,1996-Q4,55354,AUD,6,,
ABS:BOP_GOODS(1.0.0),2,1000,EXP,10,Q,1997-Q1,53618,AUD,6,,
ABS:BOP_GOODS(1.0.0),2,1000,EXP,10,Q,1997-Q2,64439,AUD,6,,
ABS:BOP_GOODS(1.0.0),2,1000,EXP,10,Q,1997-Q3,60883,AUD,6,,
ABS:BOP_GOODS(1.0.0),2,1000,EXP,10,Q,1997-Q4,61206,AUD,6,,
ABS:BOP_GOODS(1.0.0),2,1000,EXP,10,Q,1998-Q1,54643,AUD,6,,
ABS:BOP_GOODS(1.0.0),2,1000,EXP,10,Q,1998-Q2,59985,AUD,6,,
ABS:BOP_GOODS(1.0.0),2,1000,EXP,10,Q,1998-Q3,60423,AUD,6,,
ABS:BOP_GOODS(1.0.0),2,1000,EXP,10,Q,1998-Q4,63219,AUD,6,,
ABS:BOP_GOODS(1.0.0),2,1000,EXP,10,Q,1999-Q1,56509,AUD,6,,
ABS:BOP_GOODS(1.0.0),2,1000,EXP,10,Q,1999-Q2,59242,AUD,6,,
ABS:BOP_GOODS(1.0.0),2,1000,EXP,10,Q,1999-Q3,64084,AUD,6,,
ABS:BOP_GOODS(1.0.0),2,1000,EXP,10,Q,1999-Q4,69043,AUD,6,,
ABS:BOP_GOODS(1.0.0),2,1000,EXP,10,Q,2000-Q1,63719,AUD,6,,
ABS:BOP_GOODS(1.0.0),2,1000,EXP,10,Q,2000-Q2,67767,AUD,6,,
ABS:BOP_GOODS(1.0.0),2,1000,EXP,10,Q,2000-Q3,70001,AUD,6,,
ABS:BOP_GOODS(1.0.0),2,1000,EXP,10,Q,2000-Q4,71846,AUD,6,,
ABS:BOP_GOODS(1.0.0),2,1000,EXP,10,Q,2001-Q1,66863,AUD,6,,
ABS:BOP_GOODS(1.0.0),2,1000,EXP,10,Q,2001-Q2,71868,AUD,6,,
ABS:BOP_GOODS(1.0.0),2,1000,EXP,10,Q,2001-Q3,72272,AUD,6,,
ABS:BOP_GOODS(1.0.0),2,1000,EXP,10,Q,2001-Q4,71864,AUD,6,,
ABS:BOP_GOODS(1.0.0),2,1000,EXP,10,Q,2002-Q1,66927,AUD,6,,
ABS:BOP_GOODS(1.0.0),2,1000,EXP,10,Q,2002-Q2,71394,AUD,6,,
ABS:BOP_GOODS(1.0.0),2,1000,EXP,10,Q,2002-Q3,73032,AUD,6,,
ABS:BOP_GOODS(1.0.0),2,1000,EXP,10,Q,2002-Q4,74066,AUD,6,,
ABS:BOP_GOODS(1.0.0),2,1000,EXP,10,Q,2003-Q1,67644,AUD,6,,
ABS:BOP_GOODS(1.0.0),2,1000,EXP,10,Q,2003-Q2,68787,AUD,6,,
ABS:BOP_GOODS(1.0.0),2,1000,EXP,10,Q,2003-Q3,70451,AUD,6,,
ABS:BOP_GOODS(1.0.0),2,1000,EXP,10,Q,2003-Q4,72850,AUD,6,,
ABS:BOP_GOODS(1.0.0),2,1000,EXP,10,Q,2004-Q1,68518,AUD,6,,
ABS:BOP_GOODS(1.0.0),2,1000,EXP,10,Q,2004-Q2,73827,AUD,6,,
ABS:BOP_GOODS(1.0.0),2,1000,EXP,10,Q,2004-Q3,73779,AUD,6,,
ABS:BOP_GOODS(1.0.0),2,1000,EXP,10,Q,2004-Q4,75855,AUD,6,,
ABS:BOP_GOODS(1.0.0),2,1000,EXP,10,Q,2005-Q1,69990,AUD,6,,
ABS:BOP_GOODS(1.0.0),2,1000,EXP,10,Q,2005-Q2,76769,AUD,6,,
ABS:BOP_GOODS(1.0.0),2,1000,EXP,10,Q,2005-Q3,75363,AUD,6,,
ABS:BOP_GOODS(1.0.0),2,1000,EXP,10,Q,2005-Q4,78359,AUD,6,,
ABS:BOP_GOODS(1.0.0),2,1000,EXP,10,Q,2006-Q1,70898,AUD,6,,
ABS:BOP_GOODS(1.0.0),2,1000,EXP,10,Q,2006-Q2,77806,AUD,6,,
ABS:BOP_GOODS(1.0.0),2,1000,EXP,10,Q,2006-Q3,78488,AUD,6,,
ABS:BOP_GOODS(1.0.0),2,1000,EXP,10,Q,2006-Q4,79604,AUD,6,,
ABS:BOP_GOODS(1.0.0),2,1000,EXP,10,Q,2007-Q1,73179,AUD,6,,
ABS:BOP_GOODS(1.0.0),2,1000,EXP,10,Q,2007-Q2,78646,AUD,6,,
ABS:BOP_GOODS(1.0.0),2,1000,EXP,10,Q,2007-Q3,80348,AUD,6,,
ABS:BOP_GOODS(1.0.0),2,1000,EXP,10,Q,2007-Q4,80973,AUD,6,,
ABS:BOP_GOODS(1.0.0),2,1000,EXP,10,Q,2008-Q1,75694,AUD,6,,
ABS:BOP_GOODS(1.0.0),2,1000,EXP,10,Q,2008-Q2,83457,AUD,6,,
ABS:BOP_GOODS(1.0.0),2,1000,EXP,10,Q,2008-Q3,83724,AUD,6,,
ABS:BOP_GOODS(1.0.0),2,1000,EXP,10,Q,2008-Q4,82025,AUD,6,,
ABS:BOP_GOODS(1.0.0),2,1000,EXP,10,Q,2009-Q1,77979,AUD,6,,
ABS:BOP_GOODS(1.0.0),2,1000,EXP,10,Q,2009-Q2,83225,AUD,6,,
ABS:BOP_GOODS(1.0.0),2,1000,EXP,10,Q,2009-Q3,86612,AUD,6,,
ABS:BOP_GOODS(1.0.0),2,1000,EXP,10,Q,2009-Q4,89097,AUD,6,,
ABS:BOP_GOODS(1.0.0),2,1000,EXP,10,Q,2010-Q1,82680,AUD,6,,
ABS:BOP_GOODS(1.0.0),2,1000,EXP,10,Q,2010-Q2,92627,AUD,6,,
ABS:BOP_GOODS(1.0.0),2,1000,EXP,10,Q,2010-Q3,91713,AUD,6,,
ABS:BOP_GOODS(1.0.0),2,1000,EXP,10,Q,2010-Q4,94055,AUD,6,,
ABS:BOP_GOODS(1.0.0),2,1000,EXP,10,Q,2011-Q1,80231,AUD,6,,
ABS:BOP_GOODS(1.0.0),2,1000,EXP,10,Q,2011-Q2,89674,AUD,6,,
ABS:BOP_GOODS(1.0.0),2,1000,EXP,10,Q,2011-Q3,94379,AUD,6,,
ABS:BOP_GOODS(1.0.0),2,1000,EXP,10,Q,2011-Q4,97627,AUD,6,,
ABS:BOP_GOODS(1.0.0),2,1000,EXP,10,Q,2012-Q1,88003,AUD,6,,
ABS:BOP_GOODS(1.0.0),2,1000,EXP,10,Q,2012-Q2,98198,AUD,6,,
ABS:BOP_GOODS(1.0.0),2,1000,EXP,10,Q,2012-Q3,100216,AUD,6,,
ABS:BOP_GOODS(1.0.0),2,1000,EXP,10,Q,2012-Q4,102638,AUD,6,,
ABS:BOP_GOODS(1.0.0),2,1000,EXP,10,Q,2013-Q1,93592,AUD,6,,
ABS:BOP_GOODS(1.0.0),2,1000,EXP,10,Q,2013-Q2,105747,AUD,6,,
ABS:BOP_GOODS(1.0.0),2,1000,EXP,10,Q,2013-Q3,105736,AUD,6,,
ABS:BOP_GOODS(1.0.0),2,1000,EXP,10,Q,2013-Q4,108496,AUD,6,,
ABS:BOP_GOODS(1.0.0),2,1000,EXP,10,Q,2014-Q1,102868,AUD,6,,
ABS:BOP_GOODS(1.0.0),2,1000,EXP,10,Q,2014-Q2,109435,AUD,6,,
ABS:BOP_GOODS(1.0.0),2,1000,EXP,10,Q,2014-Q3,113683,AUD,6,,
ABS:BOP_GOODS(1.0.0),2,1000,EXP,10,Q,2014-Q4,116214,AUD,6,,
ABS:BOP_GOODS(1.0.0),2,1000,EXP,10,Q,2015-Q1,110824,AUD,6,,
ABS:BOP_GOODS(1.0.0),2,1000,EXP,10,Q,2015-Q2,113015,AUD,6,,
ABS:BOP_GOODS(1.0.0),2,1000,EXP,10,Q,2015-Q3,120561,AUD,6,,
ABS:BOP_GOODS(1.0.0),2,1000,EXP,10,Q,2015-Q4,121831,AUD,6,,
ABS:BOP_GOODS(1.0.0),2,1000,EXP,10,Q,2016-Q1,116790,AUD,6,,
ABS:BOP_GOODS(1.0.0),2,1000,EXP,10,Q,2016-Q2,123857,AUD,6,,
ABS:BOP_GOODS(1.0.0),2,1000,EXP,10,Q,2016-Q3,126309,AUD,6,,
ABS:BOP_GOODS(1.0.0),2,1000,EXP,10,Q,2016-Q4,132341,AUD,6,,
ABS:BOP_GOODS(1.0.0),2,1000,EXP,10,Q,2017-Q1,119452,AUD,6,,
ABS:BOP_GOODS(1.0.0),2,1000,EXP,10,Q,2017-Q2,127876,AUD,6,,
ABS:BOP_GOODS(1.0.0),2,1000,EXP,10,Q,2017-Q3,132965,AUD,6,,
ABS:BOP_GOODS(1.0.0),2,1000,EXP,10,Q,2017-Q4,130997,AUD,6,,
ABS:BOP_GOODS(1.0.0),2,1000,EXP,10,Q,2018-Q1,126350,AUD,6,,
ABS:BOP_GOODS(1.0.0),2,1000,EXP,10,Q,2018-Q2,134391,AUD,6,,
ABS:BOP_GOODS(1.0.0),2,1000,EXP,10,Q,2018-Q3,136266,AUD,6,,
ABS:BOP_GOODS(1.0.0),2,1000,EXP,10,Q,2018-Q4,137248,AUD,6,,
ABS:BOP_GOODS(1.0.0),2,1000,EXP,10,Q,2019-Q1,127849,AUD,6,,
ABS:BOP_GOODS(1.0.0),2,1000,EXP,10,Q,2019-Q2,137597,AUD,6,,
ABS:BOP_GOODS(1.0.0),2,1000,EXP,10,Q,2019-Q3,138148,AUD,6,,
ABS:BOP_GOODS(1.0.0),2,1000,EXP,10,Q,2019-Q4,139343,AUD,6,,
ABS:BOP_GOODS(1.0.0),2,1000,EXP,10,Q,2020-Q1,128261,AUD,6,,
ABS:BOP_GOODS(1.0.0),2,1000,EXP,10,Q,2020-Q2,129942,AUD,6,,
ABS:BOP_GOODS(1.0.0),2,1000,EXP,10,Q,2020-Q3,125978,AUD,6,,
ABS:BOP_GOODS(1.0.0),2,1000,EXP,10,Q,2020-Q4,135594,AUD,6,,
ABS:BOP_GOODS(1.0.0),2,1000,EXP,10,Q,2021-Q1,128924,AUD,6,,
ABS:BOP_GOODS(1.0.0),2,1000,EXP,10,Q,2021-Q2,130355,AUD,6,,
ABS:BOP_GOODS(1.0.0),2,1000,EXP,10,Q,2021-Q3,131371,AUD,6,,
ABS:BOP_GOODS(1.0.0),2,1000,EXP,10,Q,2021-Q4,133734,AUD,6,,
ABS:BOP_GOODS(1.0.0),2,1000,EXP,10,Q,2022-Q1,123106,AUD,6,,
ABS:BOP_GOODS(1.0.0),2,1000,EXP,10,Q,2022-Q2,134308,AUD,6,,
ABS:BOP_GOODS(1.0.0),2,1000,EXP,10,Q,2022-Q3,131917,AUD,6,,
ABS:BOP_GOODS(1.0.0),2,1000,EXP,10,Q,2022-Q4,136809,AUD,6,,
ABS:BOP_GOODS(1.0.0),2,1000,EXP,10,Q,2023-Q1,126895,AUD,6,,
ABS:BOP_GOODS(1.0.0),2,1000,EXP,10,Q,2023-Q2,137072,AUD,6,,
ABS:BOP_GOODS(1.0.0),2,1000,EXP,10,Q,2023-Q3,135464,AUD,6,,
ABS:BOP_GOODS(1.0.0),2,1000,EXP,10,Q,2023-Q4,136505,AUD,6,,
ABS:BOP_GOODS(1.0.0),2,1000,EXP,10,Q,2024-Q1,128602,AUD,6,,
ABS:BOP_GOODS(1.0.0),2,1000,EXP,10,Q,2024-Q2,134859,AUD,6,,
ABS:BOP_GOODS(1.0.0),2,1000,EXP,10,Q,2024-Q3,134919,AUD,6,,
ABS:BOP_GOODS(1.0.0),2,1000,EXP,10,Q,2024-Q4,138007,AUD,6,,
ABS:BOP_GOODS(1.0.0),2,1000,EXP,10,Q,2025-Q1,126672,AUD,6,,
ABS:BOP_GOODS(1.0.0),2,1000,EXP,10,Q,2025-Q2,137135,AUD,6,,
ABS:BOP_GOODS(1.0.0),2,1000,EXP,10,Q,2025-Q3,137299,AUD,6,,
ABS:BOP_GOODS(1.0.0),2,1000,EXP,10,Q,2025-Q4,144113,AUD,6,,
ABS:BOP_GOODS(1.0.0),2,1550,EXP,10,Q,1988-Q1,1913,AUD,6,,
ABS:BOP_GOODS(1.0.0),2,1550,EXP,10,Q,1988-Q2,1977,AUD,6,,
ABS:BOP_GOODS(1.0.0),2,1550,EXP,10,Q,1988-Q3,2011,AUD,6,,
ABS:BOP_GOODS(1.0.0),2,1550,EXP,10,Q,1988-Q4,2190,AUD,6,,
ABS:BOP_GOODS(1.0.0),2,1550,EXP,10,Q,1989-Q1,2105,AUD,6,,
ABS:BOP_GOODS(1.0.0),2,1550,EXP,10,Q,1989-Q2,2210,AUD,6,,
ABS:BOP_GOODS(1.0.0),2,1550,EXP,10,Q,1989-Q3,2247,AUD,6,,
ABS:BOP_GOODS(1.0.0),2,1550,EXP,10,Q,1989-Q4,2173,AUD,6,,
ABS:BOP_GOODS(1.0.0),2,1550,EXP,10,Q,1990-Q1,2292,AUD,6,,
ABS:BOP_GOODS(1.0.0),2,1550,EXP,10,Q,1990-Q2,2552,AUD,6,,
ABS:BOP_GOODS(1.0.0),2,1550,EXP,10,Q,1990-Q3,2476,AUD,6,,
ABS:BOP_GOODS(1.0.0),2,1550,EXP,10,Q,1990-Q4,2602,AUD,6,,
ABS:BOP_GOODS(1.0.0),2,1550,EXP,10,Q,1991-Q1,2372,AUD,6,,
ABS:BOP_GOODS(1.0.0),2,1550,EXP,10,Q,1991-Q2,2689,AUD,6,,
ABS:BOP_GOODS(1.0.0),2,1550,EXP,10,Q,1991-Q3,2794,AUD,6,,
ABS:BOP_GOODS(1.0.0),2,1550,EXP,10,Q,1991-Q4,2807,AUD,6,,
ABS:BOP_GOODS(1.0.0),2,1550,EXP,10,Q,1992-Q1,2694,AUD,6,,
ABS:BOP_GOODS(1.0.0),2,1550,EXP,10,Q,1992-Q2,2963,AUD,6,,
ABS:BOP_GOODS(1.0.0),2,1550,EXP,10,Q,1992-Q3,2991,AUD,6,,
ABS:BOP_GOODS(1.0.0),2,1550,EXP,10,Q,1992-Q4,2983,AUD,6,,
ABS:BOP_GOODS(1.0.0),2,1550,EXP,10,Q,1993-Q1,2962,AUD,6,,
ABS:BOP_GOODS(1.0.0),2,1550,EXP,10,Q,1993-Q2,3197,AUD,6,,
ABS:BOP_GOODS(1.0.0),2,1550,EXP,10,Q,1993-Q3,3099,AUD,6,,
ABS:BOP_GOODS(1.0.0),2,1550,EXP,10,Q,1993-Q4,3426,AUD,6,,
ABS:BOP_GOODS(1.0.0),2,1550,EXP,10,Q,1994-Q1,3220,AUD,6,,
ABS:BOP_GOODS(1.0.0),2,1550,EXP,10,Q,1994-Q2,3634,AUD,6,,
ABS:BOP_GOODS(1.0.0),2,1550,EXP,10,Q,1994-Q3,3173,AUD,6,,
ABS:BOP_GOODS(1.0.0),2,1550,EXP,10,Q,1994-Q4,3216,AUD,6,,
ABS:BOP_GOODS(1.0.0),2,1550,EXP,10,Q,1995-Q1,3171,AUD,6,,
ABS:BOP_GOODS(1.0.0),2,1550,EXP,10,Q,1995-Q2,3222,AUD,6,,
ABS:BOP_GOODS(1.0.0),2,1550,EXP,10,Q,1995-Q3,3533,AUD,6,,
ABS:BOP_GOODS(1.0.0),2,1550,EXP,10,Q,1995-Q4,3447,AUD,6,,
ABS:BOP_GOODS(1.0.0),2,1550,EXP,10,Q,1996-Q1,3413,AUD,6,,
ABS:BOP_GOODS(1.0.0),2,1550,EXP,10,Q,1996-Q2,3607,AUD,6,,
ABS:BOP_GOODS(1.0.0),2,1550,EXP,10,Q,1996-Q3,3738,AUD,6,,
ABS:BOP_GOODS(1.0.0),2,1550,EXP,10,Q,1996-Q4,3530,AUD,6,,
ABS:BOP_GOODS(1.0.0),2,1550,EXP,10,Q,1997-Q1,3476,AUD,6,,
ABS:BOP_GOODS(1.0.0),2,1550,EXP,10,Q,1997-Q2,3533,AUD,6,,
ABS:BOP_GOODS(1.0.0),2,1550,EXP,10,Q,1997-Q3,3505,AUD,6,,
ABS:BOP_GOODS(1.0.0),2,1550,EXP,10,Q,1997-Q4,3773,AUD,6,,
ABS:BOP_GOODS(1.0.0),2,1550,EXP,10,Q,1998-Q1,3652,AUD,6,,
ABS:BOP_GOODS(1.0.0),2,1550,EXP,10,Q,1998-Q2,3922,AUD,6,,
ABS:BOP_GOODS(1.0.0),2,1550,EXP,10,Q,1998-Q3,4015,AUD,6,,
ABS:BOP_GOODS(1.0.0),2,1550,EXP,10,Q,1998-Q4,3838,AUD,6,,
ABS:BOP_GOODS(1.0.0),2,1550,EXP,10,Q,1999-Q1,4021,AUD,6,,
ABS:BOP_GOODS(1.0.0),2,1550,EXP,10,Q,1999-Q2,4425,AUD,6,,
ABS:BOP_GOODS(1.0.0),2,1550,EXP,10,Q,1999-Q3,4260,AUD,6,,
ABS:BOP_GOODS(1.0.0),2,1550,EXP,10,Q,1999-Q4,4418,AUD,6,,
ABS:BOP_GOODS(1.0.0),2,1550,EXP,10,Q,2000-Q1,4392,AUD,6,,
ABS:BOP_GOODS(1.0.0),2,1550,EXP,10,Q,2000-Q2,4668,AUD,6,,
ABS:BOP_GOODS(1.0.0),2,1550,EXP,10,Q,2000-Q3,4217,AUD,6,,
ABS:BOP_GOODS(1.0.0),2,1550,EXP,10,Q,2000-Q4,4569,AUD,6,,
ABS:BOP_GOODS(1.0.0),2,1550,EXP,10,Q,2001-Q1,4256,AUD,6,,
ABS:BOP_GOODS(1.0.0),2,1550,EXP,10,Q,2001-Q2,4640,AUD,6,,
ABS:BOP_GOODS(1.0.0),2,1550,EXP,10,Q,2001-Q3,4721,AUD,6,,
ABS:BOP_GOODS(1.0.0),2,1550,EXP,10,Q,2001-Q4,4639,AUD,6,,
ABS:BOP_GOODS(1.0.0),2,1550,EXP,10,Q,2002-Q1,4724,AUD,6,,
ABS:BOP_GOODS(1.0.0),2,1550,EXP,10,Q,2002-Q2,4443,AUD,6,,
ABS:BOP_GOODS(1.0.0),2,1550,EXP,10,Q,2002-Q3,4475,AUD,6,,
ABS:BOP_GOODS(1.0.0),2,1550,EXP,10,Q,2002-Q4,4652,AUD,6,,
ABS:BOP_GOODS(1.0.0),2,1550,EXP,10,Q,2003-Q1,3978,AUD,6,,
ABS:BOP_GOODS(1.0.0),2,1550,EXP,10,Q,2003-Q2,4041,AUD,6,,
ABS:BOP_GOODS(1.0.0),2,1550,EXP,10,Q,2003-Q3,3615,AUD,6,,
ABS:BOP_GOODS(1.0.0),2,1550,EXP,10,Q,2003-Q4,3891,AUD,6,,
ABS:BOP_GOODS(1.0.0),2,1550,EXP,10,Q,2004-Q1,3488,AUD,6,,
ABS:BOP_GOODS(1.0.0),2,1550,EXP,10,Q,2004-Q2,3762,AUD,6,,
ABS:BOP_GOODS(1.0.0),2,1550,EXP,10,Q,2004-Q3,3442,AUD,6,,
ABS:BOP_GOODS(1.0.0),2,1550,EXP,10,Q,2004-Q4,3543,AUD,6,,
ABS:BOP_GOODS(1.0.0),2,1550,EXP,10,Q,2005-Q1,3418,AUD,6,,
ABS:BOP_GOODS(1.0.0),2,1550,EXP,10,Q,2005-Q2,3579,AUD,6,,
ABS:BOP_GOODS(1.0.0),2,1550,EXP,10,Q,2005-Q3,3561,AUD,6,,
ABS:BOP_GOODS(1.0.0),2,1550,EXP,10,Q,2005-Q4,4015,AUD,6,,
ABS:BOP_GOODS(1.0.0),2,1550,EXP,10,Q,2006-Q1,3707,AUD,6,,
ABS:BOP_GOODS(1.0.0),2,1550,EXP,10,Q,2006-Q2,3848,AUD,6,,
ABS:BOP_GOODS(1.0.0),2,1550,EXP,10,Q,2006-Q3,3329,AUD,6,,
ABS:BOP_GOODS(1.0.0),2,1550,EXP,10,Q,2006-Q4,3468,AUD,6,,
ABS:BOP_GOODS(1.0.0),2,1550,EXP,10,Q,2007-Q1,3462,AUD,6,,
ABS:BOP_GOODS(1.0.0),2,1550,EXP,10,Q,2007-Q2,3362,AUD,6,,
ABS:BOP_GOODS(1.0.0),2,1550,EXP,10,Q,2007-Q3,3537,AUD,6,,
ABS:BOP_GOODS(1.0.0),2,1550,EXP,10,Q,2007-Q4,3652,AUD,6,,
ABS:BOP_GOODS(1.0.0),2,1550,EXP,10,Q,2008-Q1,3485,AUD,6,,
ABS:BOP_GOODS(1.0.0),2,1550,EXP,10,Q,2008-Q2,3861,AUD,6,,
ABS:BOP_GOODS(1.0.0),2,1550,EXP,10,Q,2008-Q3,4037,AUD,6,,
ABS:BOP_GOODS(1.0.0),2,1550,EXP,10,Q,2008-Q4,4062,AUD,6,,
ABS:BOP_GOODS(1.0.0),2,1550,EXP,10,Q,2009-Q1,3742,AUD,6,,
ABS:BOP_GOODS(1.0.0),2,1550,EXP,10,Q,2009-Q2,4285,AUD,6,,
ABS:BOP_GOODS(1.0.0),2,1550,EXP,10,Q,2009-Q3,3719,AUD,6,,
ABS:BOP_GOODS(1.0.0),2,1550,EXP,10,Q,2009-Q4,3946,AUD,6,,
ABS:BOP_GOODS(1.0.0),2,1550,EXP,10,Q,2010-Q1,3410,AUD,6,,
ABS:BOP_GOODS(1.0.0),2,1550,EXP,10,Q,2010-Q2,4125,AUD,6,,
ABS:BOP_GOODS(1.0.0),2,1550,EXP,10,Q,2010-Q3,4187,AUD,6,,
ABS:BOP_GOODS(1.0.0),2,1550,EXP,10,Q,2010-Q4,4289,AUD,6,,
ABS:BOP_GOODS(1.0.0),2,1550,EXP,10,Q,2011-Q1,4129,AUD,6,,
ABS:BOP_GOODS(1.0.0),2,1550,EXP,10,Q,2011-Q2,4381,AUD,6,,
ABS:BOP_GOODS(1.0.0),2,1550,EXP,10,Q,2011-Q3,4448,AUD,6,,
ABS:BOP_GOODS(1.0.0),2,1550,EXP,10,Q,2011-Q4,4555,AUD,6,,
ABS:BOP_GOODS(1.0.0),2,1550,EXP,10,Q,2012-Q1,4204,AUD,6,,
ABS:BOP_GOODS(1.0.0),2,1550,EXP,10,Q,2012-Q2,4615,AUD,6,,
ABS:BOP_GOODS(1.0.0),2,1550,EXP,10,Q,2012-Q3,4150,AUD,6,,
ABS:BOP_GOODS(1.0.0),2,1550,EXP,10,Q,2012-Q4,4150,AUD,6,,
ABS:BOP_GOODS(1.0.0),2,1550,EXP,10,Q,2013-Q1,4045,AUD,6,,
ABS:BOP_GOODS(1.0.0),2,1550,EXP,10,Q,2013-Q2,4794,AUD,6,,
ABS:BOP_GOODS(1.0.0),2,1550,EXP,10,Q,2013-Q3,4385,AUD,6,,
ABS:BOP_GOODS(1.0.0),2,1550,EXP,10,Q,2013-Q4,4383,AUD,6,,
ABS:BOP_GOODS(1.0.0),2,1550,EXP,10,Q,2014-Q1,4267,AUD,6,,
ABS:BOP_GOODS(1.0.0),2,1550,EXP,10,Q,2014-Q2,4512,AUD,6,,
ABS:BOP_GOODS(1.0.0),2,1550,EXP,10,Q,2014-Q3,3766,AUD,6,,
ABS:BOP_GOODS(1.0.0),2,1550,EXP,10,Q,2014-Q4,4589,AUD,6,,
ABS:BOP_GOODS(1.0.0),2,1550,EXP,10,Q,2015-Q1,3679,AUD,6,,
ABS:BOP_GOODS(1.0.0),2,1550,EXP,10,Q,2015-Q2,3613,AUD,6,,
ABS:BOP_GOODS(1.0.0),2,1550,EXP,10,Q,2015-Q3,4350,AUD,6,,
ABS:BOP_GOODS(1.0.0),2,1550,EXP,10,Q,2015-Q4,4848,AUD,6,,
ABS:BOP_GOODS(1.0.0),2,1550,EXP,10,Q,2016-Q1,4136,AUD,6,,
ABS:BOP_GOODS(1.0.0),2,1550,EXP,10,Q,2016-Q2,4005,AUD,6,,
ABS:BOP_GOODS(1.0.0),2,1550,EXP,10,Q,2016-Q3,3800,AUD,6,,
ABS:BOP_GOODS(1.0.0),2,1550,EXP,10,Q,2016-Q4,3998,AUD,6,,
ABS:BOP_GOODS(1.0.0),2,1550,EXP,10,Q,2017-Q1,3384,AUD,6,,
ABS:BOP_GOODS(1.0.0),2,1550,EXP,10,Q,2017-Q2,4375,AUD,6,,
ABS:BOP_GOODS(1.0.0),2,1550,EXP,10,Q,2017-Q3,3816,AUD,6,,
ABS:BOP_GOODS(1.0.0),2,1550,EXP,10,Q,2017-Q4,3627,AUD,6,,
ABS:BOP_GOODS(1.0.0),2,1550,EXP,10,Q,2018-Q1,3449,AUD,6,,
ABS:BOP_GOODS(1.0.0),2,1550,EXP,10,Q,2018-Q2,3619,AUD,6,,
ABS:BOP_GOODS(1.0.0),2,1550,EXP,10,Q,2018-Q3,4306,AUD,6,,
ABS:BOP_GOODS(1.0.0),2,1550,EXP,10,Q,2018-Q4,4795,AUD,6,,
ABS:BOP_GOODS(1.0.0),2,1550,EXP,10,Q,2019-Q1,4179,AUD,6,,
ABS:BOP_GOODS(1.0.0),2,1550,EXP,10,Q,2019-Q2,4782,AUD,6,,
ABS:BOP_GOODS(1.0.0),2,1550,EXP,10,Q,2019-Q3,3763,AUD,6,,
ABS:BOP_GOODS(1.0.0),2,1550,EXP,10,Q,2019-Q4,3936,AUD,6,,
ABS:BOP_GOODS(1.0.0),2,1550,EXP,10,Q,2020-Q1,3767,AUD,6,,
ABS:BOP_GOODS(1.0.0),2,1550,EXP,10,Q,2020-Q2,3930,AUD,6,,
ABS:BOP_GOODS(1.0.0),2,1550,EXP,10,Q,2020-Q3,3727,AUD,6,,
ABS:BOP_GOODS(1.0.0),2,1550,EXP,10,Q,2020-Q4,3676,AUD,6,,
ABS:BOP_GOODS(1.0.0),2,1550,EXP,10,Q,2021-Q1,3622,AUD,6,,
ABS:BOP_GOODS(1.0.0),2,1550,EXP,10,Q,2021-Q2,3772,AUD,6,,
ABS:BOP_GOODS(1.0.0),2,1550,EXP,10,Q,2021-Q3,3305,AUD,6,,
ABS:BOP_GOODS(1.0.0),2,1550,EXP,10,Q,2021-Q4,2859,AUD,6,,
ABS:BOP_GOODS(1.0.0),2,1550,EXP,10,Q,2022-Q1,2881,AUD,6,,
ABS:BOP_GOODS(1.0.0),2,1550,EXP,10,Q,2022-Q2,3499,AUD,6,,
ABS:BOP_GOODS(1.0.0),2,1550,EXP,10,Q,2022-Q3,3309,AUD,6,,
ABS:BOP_GOODS(1.0.0),2,1550,EXP,10,Q,2022-Q4,3822,AUD,6,,
ABS:BOP_GOODS(1.0.0),2,1550,EXP,10,Q,2023-Q1,3425,AUD,6,,
ABS:BOP_GOODS(1.0.0),2,1550,EXP,10,Q,2023-Q2,3845,AUD,6,,
ABS:BOP_GOODS(1.0.0),2,1550,EXP,10,Q,2023-Q3,3772,AUD,6,,
ABS:BOP_GOODS(1.0.0),2,1550,EXP,10,Q,2023-Q4,3910,AUD,6,,
ABS:BOP_GOODS(1.0.0),2,1550,EXP,10,Q,2024-Q1,3851,AUD,6,,
ABS:BOP_GOODS(1.0.0),2,1550,EXP,10,Q,2024-Q2,3859,AUD,6,,
ABS:BOP_GOODS(1.0.0),2,1550,EXP,10,Q,2024-Q3,4223,AUD,6,,
ABS:BOP_GOODS(1.0.0),2,1550,EXP,10,Q,2024-Q4,4083,AUD,6,,
ABS:BOP_GOODS(1.0.0),2,1550,EXP,10,Q,2025-Q1,3948,AUD,6,,
ABS:BOP_GOODS(1.0.0),2,1550,EXP,10,Q,2025-Q2,4837,AUD,6,,
ABS:BOP_GOODS(1.0.0),2,1550,EXP,10,Q,2025-Q3,4170,AUD,6,,
ABS:BOP_GOODS(1.0.0),2,1550,EXP,10,Q,2025-Q4,4188,AUD,6,,
ABS:BOP_GOODS(1.0.0),2,1100,EXP,10,Q,1988-Q1,6035,AUD,6,,
ABS:BOP_GOODS(1.0.0),2,1100,EXP,10,Q,1988-Q2,4996,AUD,6,,
ABS:BOP_GOODS(1.0.0),2,1100,EXP,10,Q,1988-Q3,4483,AUD,6,,
ABS:BOP_GOODS(1.0.0),2,1100,EXP,10,Q,1988-Q4,6040,AUD,6,,
ABS:BOP_GOODS(1.0.0),2,1100,EXP,10,Q,1989-Q1,5275,AUD,6,,
ABS:BOP_GOODS(1.0.0),2,1100,EXP,10,Q,1989-Q2,5855,AUD,6,,
ABS:BOP_GOODS(1.0.0),2,1100,EXP,10,Q,1989-Q3,4855,AUD,6,,
ABS:BOP_GOODS(1.0.0),2,1100,EXP,10,Q,1989-Q4,5153,AUD,6,,
ABS:BOP_GOODS(1.0.0),2,1100,EXP,10,Q,1990-Q1,5270,AUD,6,,
ABS:BOP_GOODS(1.0.0),2,1100,EXP,10,Q,1990-Q2,4957,AUD,6,,
ABS:BOP_GOODS(1.0.0),2,1100,EXP,10,Q,1990-Q3,4824,AUD,6,,
ABS:BOP_GOODS(1.0.0),2,1100,EXP,10,Q,1990-Q4,5096,AUD,6,,
ABS:BOP_GOODS(1.0.0),2,1100,EXP,10,Q,1991-Q1,5283,AUD,6,,
ABS:BOP_GOODS(1.0.0),2,1100,EXP,10,Q,1991-Q2,6728,AUD,6,,
ABS:BOP_GOODS(1.0.0),2,1100,EXP,10,Q,1991-Q3,5898,AUD,6,,
ABS:BOP_GOODS(1.0.0),2,1100,EXP,10,Q,1991-Q4,6727,AUD,6,,
ABS:BOP_GOODS(1.0.0),2,1100,EXP,10,Q,1992-Q1,5783,AUD,6,,
ABS:BOP_GOODS(1.0.0),2,1100,EXP,10,Q,1992-Q2,6487,AUD,6,,
ABS:BOP_GOODS(1.0.0),2,1100,EXP,10,Q,1992-Q3,5976,AUD,6,,
ABS:BOP_GOODS(1.0.0),2,1100,EXP,10,Q,1992-Q4,6894,AUD,6,,
ABS:BOP_GOODS(1.0.0),2,1100,EXP,10,Q,1993-Q1,6199,AUD,6,,
ABS:BOP_GOODS(1.0.0),2,1100,EXP,10,Q,1993-Q2,6890,AUD,6,,
ABS:BOP_GOODS(1.0.0),2,1100,EXP,10,Q,1993-Q3,6056,AUD,6,,
ABS:BOP_GOODS(1.0.0),2,1100,EXP,10,Q,1993-Q4,7160,AUD,6,,
ABS:BOP_GOODS(1.0.0),2,1100,EXP,10,Q,1994-Q1,7268,AUD,6,,
ABS:BOP_GOODS(1.0.0),2,1100,EXP,10,Q,1994-Q2,7436,AUD,6,,
ABS:BOP_GOODS(1.0.0),2,1100,EXP,10,Q,1994-Q3,6657,AUD,6,,
ABS:BOP_GOODS(1.0.0),2,1100,EXP,10,Q,1994-Q4,7065,AUD,6,,
ABS:BOP_GOODS(1.0.0),2,1100,EXP,10,Q,1995-Q1,5935,AUD,6,,
ABS:BOP_GOODS(1.0.0),2,1100,EXP,10,Q,1995-Q2,6199,AUD,6,,
ABS:BOP_GOODS(1.0.0),2,1100,EXP,10,Q,1995-Q3,5976,AUD,6,,
ABS:BOP_GOODS(1.0.0),2,1100,EXP,10,Q,1995-Q4,6865,AUD,6,,
ABS:BOP_GOODS(1.0.0),2,1100,EXP,10,Q,1996-Q1,7307,AUD,6,,
ABS:BOP_GOODS(1.0.0),2,1100,EXP,10,Q,1996-Q2,7774,AUD,6,,
ABS:BOP_GOODS(1.0.0),2,1100,EXP,10,Q,1996-Q3,6822,AUD,6,,
ABS:BOP_GOODS(1.0.0),2,1100,EXP,10,Q,1996-Q4,7925,AUD,6,,
ABS:BOP_GOODS(1.0.0),2,1100,EXP,10,Q,1997-Q1,8747,AUD,6,,
ABS:BOP_GOODS(1.0.0),2,1100,EXP,10,Q,1997-Q2,9026,AUD,6,,
ABS:BOP_GOODS(1.0.0),2,1100,EXP,10,Q,1997-Q3,8096,AUD,6,,
ABS:BOP_GOODS(1.0.0),2,1100,EXP,10,Q,1997-Q4,8663,AUD,6,,
ABS:BOP_GOODS(1.0.0),2,1100,EXP,10,Q,1998-Q1,7633,AUD,6,,
ABS:BOP_GOODS(1.0.0),2,1100,EXP,10,Q,1998-Q2,8160,AUD,6,,
ABS:BOP_GOODS(1.0.0),2,1100,EXP,10,Q,1998-Q3,8107,AUD,6,,
ABS:BOP_GOODS(1.0.0),2,1100,EXP,10,Q,1998-Q4,8868,AUD,6,,
ABS:BOP_GOODS(1.0.0),2,1100,EXP,10,Q,1999-Q1,8607,AUD,6,,
ABS:BOP_GOODS(1.0.0),2,1100,EXP,10,Q,1999-Q2,8865,AUD,6,,
ABS:BOP_GOODS(1.0.0),2,1100,EXP,10,Q,1999-Q3,9026,AUD,6,,
ABS:BOP_GOODS(1.0.0),2,1100,EXP,10,Q,1999-Q4,9644,AUD,6,,
ABS:BOP_GOODS(1.0.0),2,1100,EXP,10,Q,2000-Q1,9509,AUD,6,,
ABS:BOP_GOODS(1.0.0),2,1100,EXP,10,Q,2000-Q2,9787,AUD,6,,
ABS:BOP_GOODS(1.0.0),2,1100,EXP,10,Q,2000-Q3,9977,AUD,6,,
ABS:BOP_GOODS(1.0.0),2,1100,EXP,10,Q,2000-Q4,10418,AUD,6,,
ABS:BOP_GOODS(1.0.0),2,1100,EXP,10,Q,2001-Q1,9508,AUD,6,,
ABS:BOP_GOODS(1.0.0),2,1100,EXP,10,Q,2001-Q2,10484,AUD,6,,
ABS:BOP_GOODS(1.0.0),2,1100,EXP,10,Q,2001-Q3,10135,AUD,6,,
ABS:BOP_GOODS(1.0.0),2,1100,EXP,10,Q,2001-Q4,9794,AUD,6,,
ABS:BOP_GOODS(1.0.0),2,1100,EXP,10,Q,2002-Q1,9198,AUD,6,,
ABS:BOP_GOODS(1.0.0),2,1100,EXP,10,Q,2002-Q2,10312,AUD,6,,
ABS:BOP_GOODS(1.0.0),2,1100,EXP,10,Q,2002-Q3,9789,AUD,6,,
ABS:BOP_GOODS(1.0.0),2,1100,EXP,10,Q,2002-Q4,9649,AUD,6,,
ABS:BOP_GOODS(1.0.0),2,1100,EXP,10,Q,2003-Q1,7829,AUD,6,,
ABS:BOP_GOODS(1.0.0),2,1100,EXP,10,Q,2003-Q2,7652,AUD,6,,
ABS:BOP_GOODS(1.0.0),2,1100,EXP,10,Q,2003-Q3,7684,AUD,6,,
ABS:BOP_GOODS(1.0.0),2,1100,EXP,10,Q,2003-Q4,8688,AUD,6,,
ABS:BOP_GOODS(1.0.0),2,1100,EXP,10,Q,2004-Q1,9261,AUD,6,,
ABS:BOP_GOODS(1.0.0),2,1100,EXP,10,Q,2004-Q2,10575,AUD,6,,
ABS:BOP_GOODS(1.0.0),2,1100,EXP,10,Q,2004-Q3,10143,AUD,6,,
ABS:BOP_GOODS(1.0.0),2,1100,EXP,10,Q,2004-Q4,9798,AUD,6,,
ABS:BOP_GOODS(1.0.0),2,1100,EXP,10,Q,2005-Q1,8699,AUD,6,,
ABS:BOP_GOODS(1.0.0),2,1100,EXP,10,Q,2005-Q2,9554,AUD,6,,
ABS:BOP_GOODS(1.0.0),2,1100,EXP,10,Q,2005-Q3,9224,AUD,6,,
ABS:BOP_GOODS(1.0.0),2,1100,EXP,10,Q,2005-Q4,9407,AUD,6,,
ABS:BOP_GOODS(1.0.0),2,1100,EXP,10,Q,2006-Q1,9211,AUD,6,,
ABS:BOP_GOODS(1.0.0),2,1100,EXP,10,Q,2006-Q2,9765,AUD,6,,
ABS:BOP_GOODS(1.0.0),2,1100,EXP,10,Q,2006-Q3,9982,AUD,6,,
ABS:BOP_GOODS(1.0.0),2,1100,EXP,10,Q,2006-Q4,9705,AUD,6,,
ABS:BOP_GOODS(1.0.0),2,1100,EXP,10,Q,2007-Q1,8050,AUD,6,,
ABS:BOP_GOODS(1.0.0),2,1100,EXP,10,Q,2007-Q2,8435,AUD,6,,
ABS:BOP_GOODS(1.0.0),2,1100,EXP,10,Q,2007-Q3,7998,AUD,6,,
ABS:BOP_GOODS(1.0.0),2,1100,EXP,10,Q,2007-Q4,8340,AUD,6,,
ABS:BOP_GOODS(1.0.0),2,1100,EXP,10,Q,2008-Q1,7839,AUD,6,,
ABS:BOP_GOODS(1.0.0),2,1100,EXP,10,Q,2008-Q2,8938,AUD,6,,
ABS:BOP_GOODS(1.0.0),2,1100,EXP,10,Q,2008-Q3,7986,AUD,6,,
ABS:BOP_GOODS(1.0.0),2,1100,EXP,10,Q,2008-Q4,8766,AUD,6,,
ABS:BOP_GOODS(1.0.0),2,1100,EXP,10,Q,2009-Q1,10179,AUD,6,,
ABS:BOP_GOODS(1.0.0),2,1100,EXP,10,Q,2009-Q2,10420,AUD,6,,
ABS:BOP_GOODS(1.0.0),2,1100,EXP,10,Q,2009-Q3,9175,AUD,6,,
ABS:BOP_GOODS(1.0.0),2,1100,EXP,10,Q,2009-Q4,9099,AUD,6,,
ABS:BOP_GOODS(1.0.0),2,1100,EXP,10,Q,2010-Q1,9564,AUD,6,,
ABS:BOP_GOODS(1.0.0),2,1100,EXP,10,Q,2010-Q2,9954,AUD,6,,
ABS:BOP_GOODS(1.0.0),2,1100,EXP,10,Q,2010-Q3,10006,AUD,6,,
ABS:BOP_GOODS(1.0.0),2,1100,EXP,10,Q,2010-Q4,9791,AUD,6,,
ABS:BOP_GOODS(1.0.0),2,1100,EXP,10,Q,2011-Q1,9712,AUD,6,,
ABS:BOP_GOODS(1.0.0),2,1100,EXP,10,Q,2011-Q2,11014,AUD,6,,
ABS:BOP_GOODS(1.0.0),2,1100,EXP,10,Q,2011-Q3,10876,AUD,6,,
ABS:BOP_GOODS(1.0.0),2,1100,EXP,10,Q,2011-Q4,11398,AUD,6,,
ABS:BOP_GOODS(1.0.0),2,1100,EXP,10,Q,2012-Q1,11201,AUD,6,,
ABS:BOP_GOODS(1.0.0),2,1100,EXP,10,Q,2012-Q2,12643,AUD,6,,
ABS:BOP_GOODS(1.0.0),2,1100,EXP,10,Q,2012-Q3,12181,AUD,6,,
ABS:BOP_GOODS(1.0.0),2,1100,EXP,10,Q,2012-Q4,12414,AUD,6,,
ABS:BOP_GOODS(1.0.0),2,1100,EXP,10,Q,2013-Q1,11862,AUD,6,,
ABS:BOP_GOODS(1.0.0),2,1100,EXP,10,Q,2013-Q2,13754,AUD,6,,
ABS:BOP_GOODS(1.0.0),2,1100,EXP,10,Q,2013-Q3,12267,AUD,6,,
ABS:BOP_GOODS(1.0.0),2,1100,EXP,10,Q,2013-Q4,12533,AUD,6,,
ABS:BOP_GOODS(1.0.0),2,1100,EXP,10,Q,2014-Q1,13379,AUD,6,,
ABS:BOP_GOODS(1.0.0),2,1100,EXP,10,Q,2014-Q2,12902,AUD,6,,
ABS:BOP_GOODS(1.0.0),2,1100,EXP,10,Q,2014-Q3,12077,AUD,6,,
ABS:BOP_GOODS(1.0.0),2,1100,EXP,10,Q,2014-Q4,11988,AUD,6,,
ABS:BOP_GOODS(1.0.0),2,1100,EXP,10,Q,2015-Q1,13196,AUD,6,,
ABS:BOP_GOODS(1.0.0),2,1100,EXP,10,Q,2015-Q2,14086,AUD,6,,
ABS:BOP_GOODS(1.0.0),2,1100,EXP,10,Q,2015-Q3,12312,AUD,6,,
ABS:BOP_GOODS(1.0.0),2,1100,EXP,10,Q,2015-Q4,13333,AUD,6,,
ABS:BOP_GOODS(1.0.0),2,1100,EXP,10,Q,2016-Q1,12352,AUD,6,,
ABS:BOP_GOODS(1.0.0),2,1100,EXP,10,Q,2016-Q2,13055,AUD,6,,
ABS:BOP_GOODS(1.0.0),2,1100,EXP,10,Q,2016-Q3,12519,AUD,6,,
ABS:BOP_GOODS(1.0.0),2,1100,EXP,10,Q,2016-Q4,13945,AUD,6,,
ABS:BOP_GOODS(1.0.0),2,1100,EXP,10,Q,2017-Q1,15073,AUD,6,,
ABS:BOP_GOODS(1.0.0),2,1100,EXP,10,Q,2017-Q2,15529,AUD,6,,
ABS:BOP_GOODS(1.0.0),2,1100,EXP,10,Q,2017-Q3,15224,AUD,6,,
ABS:BOP_GOODS(1.0.0),2,1100,EXP,10,Q,2017-Q4,13866,AUD,6,,
ABS:BOP_GOODS(1.0.0),2,1100,EXP,10,Q,2018-Q1,12934,AUD,6,,
ABS:BOP_GOODS(1.0.0),2,1100,EXP,10,Q,2018-Q2,14423,AUD,6,,
ABS:BOP_GOODS(1.0.0),2,1100,EXP,10,Q,2018-Q3,13819,AUD,6,,
ABS:BOP_GOODS(1.0.0),2,1100,EXP,10,Q,2018-Q4,12948,AUD,6,,
ABS:BOP_GOODS(1.0.0),2,1100,EXP,10,Q,2019-Q1,13141,AUD,6,,
ABS:BOP_GOODS(1.0.0),2,1100,EXP,10,Q,2019-Q2,13269,AUD,6,,
ABS:BOP_GOODS(1.0.0),2,1100,EXP,10,Q,2019-Q3,12389,AUD,6,,
ABS:BOP_GOODS(1.0.0),2,1100,EXP,10,Q,2019-Q4,12810,AUD,6,,
ABS:BOP_GOODS(1.0.0),2,1100,EXP,10,Q,2020-Q1,12205,AUD,6,,
ABS:BOP_GOODS(1.0.0),2,1100,EXP,10,Q,2020-Q2,11825,AUD,6,,
ABS:BOP_GOODS(1.0.0),2,1100,EXP,10,Q,2020-Q3,10047,AUD,6,,
ABS:BOP_GOODS(1.0.0),2,1100,EXP,10,Q,2020-Q4,12134,AUD,6,,
ABS:BOP_GOODS(1.0.0),2,1100,EXP,10,Q,2021-Q1,14055,AUD,6,,
ABS:BOP_GOODS(1.0.0),2,1100,EXP,10,Q,2021-Q2,14667,AUD,6,,
ABS:BOP_GOODS(1.0.0),2,1100,EXP,10,Q,2021-Q3,14002,AUD,6,,
ABS:BOP_GOODS(1.0.0),2,1100,EXP,10,Q,2021-Q4,14059,AUD,6,,
ABS:BOP_GOODS(1.0.0),2,1100,EXP,10,Q,2022-Q1,14326,AUD,6,,
ABS:BOP_GOODS(1.0.0),2,1100,EXP,10,Q,2022-Q2,15696,AUD,6,,
ABS:BOP_GOODS(1.0.0),2,1100,EXP,10,Q,2022-Q3,15903,AUD,6,,
ABS:BOP_GOODS(1.0.0),2,1100,EXP,10,Q,2022-Q4,15140,AUD,6,,
ABS:BOP_GOODS(1.0.0),2,1100,EXP,10,Q,2023-Q1,16344,AUD,6,,
ABS:BOP_GOODS(1.0.0),2,1100,EXP,10,Q,2023-Q2,17007,AUD,6,,
ABS:BOP_GOODS(1.0.0),2,1100,EXP,10,Q,2023-Q3,17890,AUD,6,,
ABS:BOP_GOODS(1.0.0),2,1100,EXP,10,Q,2023-Q4,16713,AUD,6,,
ABS:BOP_GOODS(1.0.0),2,1100,EXP,10,Q,2024-Q1,16498,AUD,6,,
ABS:BOP_GOODS(1.0.0),2,1100,EXP,10,Q,2024-Q2,16413,AUD,6,,
ABS:BOP_GOODS(1.0.0),2,1100,EXP,10,Q,2024-Q3,16679,AUD,6,,
ABS:BOP_GOODS(1.0.0),2,1100,EXP,10,Q,2024-Q4,17664,AUD,6,,
ABS:BOP_GOODS(1.0.0),2,1100,EXP,10,Q,2025-Q1,17221,AUD,6,,
ABS:BOP_GOODS(1.0.0),2,1100,EXP,10,Q,2025-Q2,17890,AUD,6,,
ABS:BOP_GOODS(1.0.0),2,1100,EXP,10,Q,2025-Q3,17709,AUD,6,,
ABS:BOP_GOODS(1.0.0),2,1100,EXP,10,Q,2025-Q4,18488,AUD,6,,
ABS:BOP_GOODS(1.0.0),2,1500,EXP,10,Q,1988-Q1,3243,AUD,6,,
ABS:BOP_GOODS(1.0.0),2,1500,EXP,10,Q,1988-Q2,2363,AUD,6,,
ABS:BOP_GOODS(1.0.0),2,1500,EXP,10,Q,1988-Q3,2781,AUD,6,,
ABS:BOP_GOODS(1.0.0),2,1500,EXP,10,Q,1988-Q4,2371,AUD,6,,
ABS:BOP_GOODS(1.0.0),2,1500,EXP,10,Q,1989-Q1,2303,AUD,6,,
ABS:BOP_GOODS(1.0.0),2,1500,EXP,10,Q,1989-Q2,2226,AUD,6,,
ABS:BOP_GOODS(1.0.0),2,1500,EXP,10,Q,1989-Q3,2462,AUD,6,,
ABS:BOP_GOODS(1.0.0),2,1500,EXP,10,Q,1989-Q4,3426,AUD,6,,
ABS:BOP_GOODS(1.0.0),2,1500,EXP,10,Q,1990-Q1,4086,AUD,6,,
ABS:BOP_GOODS(1.0.0),2,1500,EXP,10,Q,1990-Q2,3989,AUD,6,,
ABS:BOP_GOODS(1.0.0),2,1500,EXP,10,Q,1990-Q3,4628,AUD,6,,
ABS:BOP_GOODS(1.0.0),2,1500,EXP,10,Q,1990-Q4,4412,AUD,6,,
ABS:BOP_GOODS(1.0.0),2,1500,EXP,10,Q,1991-Q1,4384,AUD,6,,
ABS:BOP_GOODS(1.0.0),2,1500,EXP,10,Q,1991-Q2,4156,AUD,6,,
ABS:BOP_GOODS(1.0.0),2,1500,EXP,10,Q,1991-Q3,4495,AUD,6,,
ABS:BOP_GOODS(1.0.0),2,1500,EXP,10,Q,1991-Q4,5161,AUD,6,,
ABS:BOP_GOODS(1.0.0),2,1500,EXP,10,Q,1992-Q1,4653,AUD,6,,
ABS:BOP_GOODS(1.0.0),2,1500,EXP,10,Q,1992-Q2,5020,AUD,6,,
ABS:BOP_GOODS(1.0.0),2,1500,EXP,10,Q,1992-Q3,5087,AUD,6,,
ABS:BOP_GOODS(1.0.0),2,1500,EXP,10,Q,1992-Q4,5556,AUD,6,,
ABS:BOP_GOODS(1.0.0),2,1500,EXP,10,Q,1993-Q1,5130,AUD,6,,
ABS:BOP_GOODS(1.0.0),2,1500,EXP,10,Q,1993-Q2,5318,AUD,6,,
ABS:BOP_GOODS(1.0.0),2,1500,EXP,10,Q,1993-Q3,5123,AUD,6,,
ABS:BOP_GOODS(1.0.0),2,1500,EXP,10,Q,1993-Q4,5219,AUD,6,,
ABS:BOP_GOODS(1.0.0),2,1500,EXP,10,Q,1994-Q1,5194,AUD,6,,
ABS:BOP_GOODS(1.0.0),2,1500,EXP,10,Q,1994-Q2,5669,AUD,6,,
ABS:BOP_GOODS(1.0.0),2,1500,EXP,10,Q,1994-Q3,6070,AUD,6,,
ABS:BOP_GOODS(1.0.0),2,1500,EXP,10,Q,1994-Q4,5953,AUD,6,,
ABS:BOP_GOODS(1.0.0),2,1500,EXP,10,Q,1995-Q1,6365,AUD,6,,
ABS:BOP_GOODS(1.0.0),2,1500,EXP,10,Q,1995-Q2,5636,AUD,6,,
ABS:BOP_GOODS(1.0.0),2,1500,EXP,10,Q,1995-Q3,6288,AUD,6,,
ABS:BOP_GOODS(1.0.0),2,1500,EXP,10,Q,1995-Q4,6322,AUD,6,,
ABS:BOP_GOODS(1.0.0),2,1500,EXP,10,Q,1996-Q1,6085,AUD,6,,
ABS:BOP_GOODS(1.0.0),2,1500,EXP,10,Q,1996-Q2,6588,AUD,6,,
ABS:BOP_GOODS(1.0.0),2,1500,EXP,10,Q,1996-Q3,6894,AUD,6,,
ABS:BOP_GOODS(1.0.0),2,1500,EXP,10,Q,1996-Q4,7388,AUD,6,,
ABS:BOP_GOODS(1.0.0),2,1500,EXP,10,Q,1997-Q1,6951,AUD,6,,
ABS:BOP_GOODS(1.0.0),2,1500,EXP,10,Q,1997-Q2,7259,AUD,6,,
ABS:BOP_GOODS(1.0.0),2,1500,EXP,10,Q,1997-Q3,8205,AUD,6,,
ABS:BOP_GOODS(1.0.0),2,1500,EXP,10,Q,1997-Q4,8144,AUD,6,,
ABS:BOP_GOODS(1.0.0),2,1500,EXP,10,Q,1998-Q1,7314,AUD,6,,
ABS:BOP_GOODS(1.0.0),2,1500,EXP,10,Q,1998-Q2,7685,AUD,6,,
ABS:BOP_GOODS(1.0.0),2,1500,EXP,10,Q,1998-Q3,8558,AUD,6,,
ABS:BOP_GOODS(1.0.0),2,1500,EXP,10,Q,1998-Q4,7668,AUD,6,,
ABS:BOP_GOODS(1.0.0),2,1500,EXP,10,Q,1999-Q1,7110,AUD,6,,
ABS:BOP_GOODS(1.0.0),2,1500,EXP,10,Q,1999-Q2,6973,AUD,6,,
ABS:BOP_GOODS(1.0.0),2,1500,EXP,10,Q,1999-Q3,7996,AUD,6,,
ABS:BOP_GOODS(1.0.0),2,1500,EXP,10,Q,1999-Q4,8546,AUD,6,,
ABS:BOP_GOODS(1.0.0),2,1500,EXP,10,Q,2000-Q1,9994,AUD,6,,
ABS:BOP_GOODS(1.0.0),2,1500,EXP,10,Q,2000-Q2,9665,AUD,6,,
ABS:BOP_GOODS(1.0.0),2,1500,EXP,10,Q,2000-Q3,9668,AUD,6,,
ABS:BOP_GOODS(1.0.0),2,1500,EXP,10,Q,2000-Q4,10455,AUD,6,,
ABS:BOP_GOODS(1.0.0),2,1500,EXP,10,Q,2001-Q1,9148,AUD,6,,
ABS:BOP_GOODS(1.0.0),2,1500,EXP,10,Q,2001-Q2,8821,AUD,6,,
ABS:BOP_GOODS(1.0.0),2,1500,EXP,10,Q,2001-Q3,9823,AUD,6,,
ABS:BOP_GOODS(1.0.0),2,1500,EXP,10,Q,2001-Q4,9614,AUD,6,,
ABS:BOP_GOODS(1.0.0),2,1500,EXP,10,Q,2002-Q1,9238,AUD,6,,
ABS:BOP_GOODS(1.0.0),2,1500,EXP,10,Q,2002-Q2,9096,AUD,6,,
ABS:BOP_GOODS(1.0.0),2,1500,EXP,10,Q,2002-Q3,10147,AUD,6,,
ABS:BOP_GOODS(1.0.0),2,1500,EXP,10,Q,2002-Q4,8988,AUD,6,,
ABS:BOP_GOODS(1.0.0),2,1500,EXP,10,Q,2003-Q1,7947,AUD,6,,
ABS:BOP_GOODS(1.0.0),2,1500,EXP,10,Q,2003-Q2,8320,AUD,6,,
ABS:BOP_GOODS(1.0.0),2,1500,EXP,10,Q,2003-Q3,9256,AUD,6,,
ABS:BOP_GOODS(1.0.0),2,1500,EXP,10,Q,2003-Q4,7869,AUD,6,,
ABS:BOP_GOODS(1.0.0),2,1500,EXP,10,Q,2004-Q1,7629,AUD,6,,
ABS:BOP_GOODS(1.0.0),2,1500,EXP,10,Q,2004-Q2,6566,AUD,6,,
ABS:BOP_GOODS(1.0.0),2,1500,EXP,10,Q,2004-Q3,7895,AUD,6,,
ABS:BOP_GOODS(1.0.0),2,1500,EXP,10,Q,2004-Q4,7988,AUD,6,,
ABS:BOP_GOODS(1.0.0),2,1500,EXP,10,Q,2005-Q1,8047,AUD,6,,
ABS:BOP_GOODS(1.0.0),2,1500,EXP,10,Q,2005-Q2,8056,AUD,6,,
ABS:BOP_GOODS(1.0.0),2,1500,EXP,10,Q,2005-Q3,8528,AUD,6,,
ABS:BOP_GOODS(1.0.0),2,1500,EXP,10,Q,2005-Q4,7808,AUD,6,,
ABS:BOP_GOODS(1.0.0),2,1500,EXP,10,Q,2006-Q1,7179,AUD,6,,
ABS:BOP_GOODS(1.0.0),2,1500,EXP,10,Q,2006-Q2,6685,AUD,6,,
ABS:BOP_GOODS(1.0.0),2,1500,EXP,10,Q,2006-Q3,8965,AUD,6,,
ABS:BOP_GOODS(1.0.0),2,1500,EXP,10,Q,2006-Q4,9351,AUD,6,,
ABS:BOP_GOODS(1.0.0),2,1500,EXP,10,Q,2007-Q1,8604,AUD,6,,
ABS:BOP_GOODS(1.0.0),2,1500,EXP,10,Q,2007-Q2,8839,AUD,6,,
ABS:BOP_GOODS(1.0.0),2,1500,EXP,10,Q,2007-Q3,9079,AUD,6,,
ABS:BOP_GOODS(1.0.0),2,1500,EXP,10,Q,2007-Q4,9047,AUD,6,,
ABS:BOP_GOODS(1.0.0),2,1500,EXP,10,Q,2008-Q1,8719,AUD,6,,
ABS:BOP_GOODS(1.0.0),2,1500,EXP,10,Q,2008-Q2,8674,AUD,6,,
ABS:BOP_GOODS(1.0.0),2,1500,EXP,10,Q,2008-Q3,8888,AUD,6,,
ABS:BOP_GOODS(1.0.0),2,1500,EXP,10,Q,2008-Q4,10184,AUD,6,,
ABS:BOP_GOODS(1.0.0),2,1500,EXP,10,Q,2009-Q1,9251,AUD,6,,
ABS:BOP_GOODS(1.0.0),2,1500,EXP,10,Q,2009-Q2,9244,AUD,6,,
ABS:BOP_GOODS(1.0.0),2,1500,EXP,10,Q,2009-Q3,9976,AUD,6,,
ABS:BOP_GOODS(1.0.0),2,1500,EXP,10,Q,2009-Q4,10294,AUD,6,,
ABS:BOP_GOODS(1.0.0),2,1500,EXP,10,Q,2010-Q1,9662,AUD,6,,
ABS:BOP_GOODS(1.0.0),2,1500,EXP,10,Q,2010-Q2,10771,AUD,6,,
ABS:BOP_GOODS(1.0.0),2,1500,EXP,10,Q,2010-Q3,11860,AUD,6,,
ABS:BOP_GOODS(1.0.0),2,1500,EXP,10,Q,2010-Q4,11620,AUD,6,,
ABS:BOP_GOODS(1.0.0),2,1500,EXP,10,Q,2011-Q1,9528,AUD,6,,
ABS:BOP_GOODS(1.0.0),2,1500,EXP,10,Q,2011-Q2,10673,AUD,6,,
ABS:BOP_GOODS(1.0.0),2,1500,EXP,10,Q,2011-Q3,10334,AUD,6,,
ABS:BOP_GOODS(1.0.0),2,1500,EXP,10,Q,2011-Q4,10226,AUD,6,,
ABS:BOP_GOODS(1.0.0),2,1500,EXP,10,Q,2012-Q1,9255,AUD,6,,
ABS:BOP_GOODS(1.0.0),2,1500,EXP,10,Q,2012-Q2,9901,AUD,6,,
ABS:BOP_GOODS(1.0.0),2,1500,EXP,10,Q,2012-Q3,12346,AUD,6,,
ABS:BOP_GOODS(1.0.0),2,1500,EXP,10,Q,2012-Q4,11396,AUD,6,,
ABS:BOP_GOODS(1.0.0),2,1500,EXP,10,Q,2013-Q1,9592,AUD,6,,
ABS:BOP_GOODS(1.0.0),2,1500,EXP,10,Q,2013-Q2,9424,AUD,6,,
ABS:BOP_GOODS(1.0.0),2,1500,EXP,10,Q,2013-Q3,10865,AUD,6,,
ABS:BOP_GOODS(1.0.0),2,1500,EXP,10,Q,2013-Q4,9847,AUD,6,,
ABS:BOP_GOODS(1.0.0),2,1500,EXP,10,Q,2014-Q1,9900,AUD,6,,
ABS:BOP_GOODS(1.0.0),2,1500,EXP,10,Q,2014-Q2,9900,AUD,6,,
ABS:BOP_GOODS(1.0.0),2,1500,EXP,10,Q,2014-Q3,10455,AUD,6,,
ABS:BOP_GOODS(1.0.0),2,1500,EXP,10,Q,2014-Q4,10237,AUD,6,,
ABS:BOP_GOODS(1.0.0),2,1500,EXP,10,Q,2015-Q1,9722,AUD,6,,
ABS:BOP_GOODS(1.0.0),2,1500,EXP,10,Q,2015-Q2,8640,AUD,6,,
ABS:BOP_GOODS(1.0.0),2,1500,EXP,10,Q,2015-Q3,10848,AUD,6,,
ABS:BOP_GOODS(1.0.0),2,1500,EXP,10,Q,2015-Q4,11898,AUD,6,,
ABS:BOP_GOODS(1.0.0),2,1500,EXP,10,Q,2016-Q1,12184,AUD,6,,
ABS:BOP_GOODS(1.0.0),2,1500,EXP,10,Q,2016-Q2,11544,AUD,6,,
ABS:BOP_GOODS(1.0.0),2,1500,EXP,10,Q,2016-Q3,13929,AUD,6,,
ABS:BOP_GOODS(1.0.0),2,1500,EXP,10,Q,2016-Q4,15281,AUD,6,,
ABS:BOP_GOODS(1.0.0),2,1500,EXP,10,Q,2017-Q1,14653,AUD,6,,
ABS:BOP_GOODS(1.0.0),2,1500,EXP,10,Q,2017-Q2,15201,AUD,6,,
ABS:BOP_GOODS(1.0.0),2,1500,EXP,10,Q,2017-Q3,16399,AUD,6,,
ABS:BOP_GOODS(1.0.0),2,1500,EXP,10,Q,2017-Q4,16897,AUD,6,,
ABS:BOP_GOODS(1.0.0),2,1500,EXP,10,Q,2018-Q1,18387,AUD,6,,
ABS:BOP_GOODS(1.0.0),2,1500,EXP,10,Q,2018-Q2,17637,AUD,6,,
ABS:BOP_GOODS(1.0.0),2,1500,EXP,10,Q,2018-Q3,20176,AUD,6,,
ABS:BOP_GOODS(1.0.0),2,1500,EXP,10,Q,2018-Q4,21828,AUD,6,,
ABS:BOP_GOODS(1.0.0),2,1500,EXP,10,Q,2019-Q1,20138,AUD,6,,
ABS:BOP_GOODS(1.0.0),2,1500,EXP,10,Q,2019-Q2,21314,AUD,6,,
ABS:BOP_GOODS(1.0.0),2,1500,EXP,10,Q,2019-Q3,23388,AUD,6,,
ABS:BOP_GOODS(1.0.0),2,1500,EXP,10,Q,2019-Q4,23451,AUD,6,,
ABS:BOP_GOODS(1.0.0),2,1500,EXP,10,Q,2020-Q1,22302,AUD,6,,
ABS:BOP_GOODS(1.0.0),2,1500,EXP,10,Q,2020-Q2,20328,AUD,6,,
ABS:BOP_GOODS(1.0.0),2,1500,EXP,10,Q,2020-Q3,20226,AUD,6,,
ABS:BOP_GOODS(1.0.0),2,1500,EXP,10,Q,2020-Q4,23070,AUD,6,,
ABS:BOP_GOODS(1.0.0),2,1500,EXP,10,Q,2021-Q1,21503,AUD,6,,
ABS:BOP_GOODS(1.0.0),2,1500,EXP,10,Q,2021-Q2,19480,AUD,6,,
ABS:BOP_GOODS(1.0.0),2,1500,EXP,10,Q,2021-Q3,23022,AUD,6,,
ABS:BOP_GOODS(1.0.0),2,1500,EXP,10,Q,2021-Q4,22717,AUD,6,,
ABS:BOP_GOODS(1.0.0),2,1500,EXP,10,Q,2022-Q1,20310,AUD,6,,
ABS:BOP_GOODS(1.0.0),2,1500,EXP,10,Q,2022-Q2,21825,AUD,6,,
ABS:BOP_GOODS(1.0.0),2,1500,EXP,10,Q,2022-Q3,20408,AUD,6,,
ABS:BOP_GOODS(1.0.0),2,1500,EXP,10,Q,2022-Q4,21682,AUD,6,,
ABS:BOP_GOODS(1.0.0),2,1500,EXP,10,Q,2023-Q1,21361,AUD,6,,
ABS:BOP_GOODS(1.0.0),2,1500,EXP,10,Q,2023-Q2,21001,AUD,6,,
ABS:BOP_GOODS(1.0.0),2,1500,EXP,10,Q,2023-Q3,20577,AUD,6,,
ABS:BOP_GOODS(1.0.0),2,1500,EXP,10,Q,2023-Q4,21004,AUD,6,,
ABS:BOP_GOODS(1.0.0),2,1500,EXP,10,Q,2024-Q1,21548,AUD,6,,
ABS:BOP_GOODS(1.0.0),2,1500,EXP,10,Q,2024-Q2,20639,AUD,6,,
ABS:BOP_GOODS(1.0.0),2,1500,EXP,10,Q,2024-Q3,20075,AUD,6,,
ABS:BOP_GOODS(1.0.0),2,1500,EXP,10,Q,2024-Q4,21215,AUD,6,,
ABS:BOP_GOODS(1.0.0),2,1500,EXP,10,Q,2025-Q1,19483,AUD,6,,
ABS:BOP_GOODS(1.0.0),2,1500,EXP,10,Q,2025-Q2,20137,AUD,6,,
ABS:BOP_GOODS(1.0.0),2,1500,EXP,10,Q,2025-Q3,19620,AUD,6,,
ABS:BOP_GOODS(1.0.0),2,1500,EXP,10,Q,2025-Q4,20511,AUD,6,,
